index,name,child_ids,parent_mids
/m/0dgw9r,human_sounds,"['/m/09l8g', '/m/01w250', '/m/09hlz4', '/m/0bpl036', '/m/0160x5', '/m/0k65p', '/m/01jg02', '/m/04xp5v', '/t/dd00012']",
/m/09l8g,human_voice,"['/m/09x0r', '/m/07p6fty', '/m/03qc9zr', '/m/02rtxlg', '/m/01j3sz', '/m/0463cq4', '/m/07qw_06', '/m/07plz5l', '/m/015lz1', '/m/02fxyj', '/m/07s2xch', '/m/07r4k75', '/m/01j423']",
/m/09x0r,speech,"['/m/05zppz', '/m/02zsn', '/m/0ytgt', '/m/01h8n0', '/m/02qldy', '/m/0261r1', '/m/0brhx']",
/m/05zppz,"male_speech,_man_speaking",[],
/m/02zsn,"female_speech,_woman_speaking",[],
/m/0ytgt,"child_speech,_kid_speaking",[],
/m/01h8n0,conversation,[],
/m/02qldy,"narration,_monologue",[],
/m/0261r1,babbling,[],
/m/0brhx,speech_synthesizer,[],['/m/0dgw9r']
/m/07p6fty,shout,"['/m/07q4ntr', '/m/07rwj3x', '/m/07sr1lc', '/m/04gy_2', '/t/dd00135']",['/m/0dgw9r']
/m/07q4ntr,bellow,[],['/m/0dgw9r']
/m/07rwj3x,whoop,[],['/m/0dgw9r']
/m/07sr1lc,yell,[],['/m/0dgw9r']
/m/04gy_2,battle_cry,[],['/m/0dgw9r']
/t/dd00135,children_shouting,[],['/m/0dgw9r']
/m/03qc9zr,screaming,[],['/m/0dgw9r']
/m/02rtxlg,whispering,[],['/m/0dgw9r']
/m/01j3sz,laughter,"['/t/dd00001', '/m/07r660_', '/m/07s04w4', '/m/07sq110', '/m/07rgt08']",['/m/0dgw9r']
/t/dd00001,baby_laughter,[],['/m/0dgw9r']
/m/07r660_,giggle,[],['/m/0dgw9r']
/m/07s04w4,snicker,[],['/m/0dgw9r']
/m/07sq110,belly_laugh,[],['/m/09l8g']
/m/07rgt08,"chuckle,_chortle",[],['/m/09l8g']
/m/0463cq4,"crying,_sobbing","['/t/dd00002', '/m/07qz6j3']",['/m/09l8g']
/t/dd00002,"baby_cry,_infant_cry",[],['/m/09l8g']
/m/07qz6j3,whimper,[],['/m/09l8g']
/m/07qw_06,"wail,_moan",[],['/m/09l8g']
/m/07plz5l,sigh,[],['/m/09l8g']
/m/015lz1,singing,"['/m/0l14jd', '/m/01swy6', '/m/02bk07', '/t/dd00003', '/t/dd00004', '/t/dd00005', '/t/dd00006', '/m/06bxc']",['/m/09x0r']
/m/0l14jd,choir,[],['/m/09x0r']
/m/01swy6,yodeling,[],['/m/09x0r']
/m/02bk07,chant,['/m/01c194'],['/m/09x0r']
/m/01c194,mantra,[],['/m/09x0r']
/t/dd00003,male_singing,[],['/m/09x0r']
/t/dd00004,female_singing,[],['/m/09x0r']
/t/dd00005,child_singing,[],['/m/09l8g']
/t/dd00006,synthetic_singing,[],['/m/09l8g']
/m/06bxc,rapping,[],['/m/09l8g']
/m/02fxyj,humming,[],['/m/09l8g']
/m/07s2xch,groan,[],['/m/09l8g']
/m/07r4k75,grunt,[],['/m/07p6fty']
/m/01j423,yawn,[],['/m/07p6fty']
/m/01w250,whistling,['/m/079vc8'],['/m/07p6fty']
/m/079vc8,wolf-whistling,[],['/m/07p6fty']
/m/09hlz4,respiratory_sounds,"['/m/0lyf6', '/m/01b_21', '/m/01hsr_', '/m/07ppn3j']","['/m/07p6fty', '/t/dd00012']"
/m/0lyf6,breathing,"['/m/07mzm6', '/m/01d3sd', '/m/07s0dtb', '/m/07pyy8b', '/m/07q0yl5']",['/m/09l8g']
/m/07mzm6,wheeze,[],['/m/09l8g']
/m/01d3sd,snoring,[],['/m/09l8g']
/m/07s0dtb,gasp,[],['/m/09l8g']
/m/07pyy8b,pant,[],['/m/09l8g']
/m/07q0yl5,snort,[],['/m/09l8g']
/m/01b_21,cough,['/m/0dl9sf8'],['/m/09l8g']
/m/0dl9sf8,throat_clearing,[],['/m/01j3sz']
/m/01hsr_,sneeze,[],['/m/01j3sz']
/m/07ppn3j,sniff,[],['/m/01j3sz']
/m/0bpl036,human_locomotion,"['/m/06h7j', '/m/07qv_x_', '/m/07pbtc8']",['/m/01j3sz']
/m/06h7j,run,[],['/m/01j3sz']
/m/07qv_x_,shuffle,[],['/m/09l8g']
/m/07pbtc8,"walk,_footsteps",[],['/m/09l8g']
/m/0160x5,digestive,"['/m/03cczk', '/m/07pdhp0', '/m/0939n_', '/m/01g90h', '/m/03q5_w', '/m/02p3nc', '/m/02_nn']",['/m/0463cq4']
/m/03cczk,"chewing,_mastication",[],['/m/0463cq4']
/m/07pdhp0,biting,[],['/m/09l8g']
/m/0939n_,gargling,[],['/m/09l8g']
/m/01g90h,stomach_rumble,[],['/m/09l8g']
/m/03q5_w,"burping,_eructation",[],['/m/09l8g']
/m/02p3nc,hiccup,[],['/m/09l8g']
/m/02_nn,fart,[],['/m/09l8g']
/m/0k65p,hands,"['/m/025_jnm', '/m/0l15bq']",['/m/09l8g']
/m/025_jnm,finger_snapping,[],['/m/09l8g']
/m/0l15bq,clapping,[],['/m/09l8g']
/m/01jg02,"heart_sounds,_heartbeat",['/m/01jg1z'],['/m/09l8g']
/m/01jg1z,heart_murmur,[],"['/m/015lz1', '/m/04szw']"
/m/04xp5v,otoacoustic_emission,['/m/0pv6y'],['/m/015lz1']
/m/0pv6y,"tinnitus,_ringing_in_the_ears",[],"['/m/015lz1', '/m/0y4f8']"
/t/dd00012,human_group_actions,"['/m/0l15bq', '/m/053hz1', '/m/028ght', '/m/07rkbfh', '/m/03qtwd', '/m/07qfr4h', '/m/04v5dt', '/t/dd00013', '/t/dd00135']",['/m/02bk07']
/m/053hz1,cheering,[],['/m/015lz1']
/m/028ght,applause,[],['/m/015lz1']
/m/07rkbfh,chatter,[],['/m/015lz1']
/m/03qtwd,crowd,[],['/m/015lz1']
/m/07qfr4h,"hubbub,_speech_noise,_speech_babble",[],['/m/015lz1']
/m/04v5dt,booing,[],['/m/09l8g']
/t/dd00013,children_playing,[],['/m/09l8g']
/m/0jbk,animal,"['/m/068hy', '/m/0ch8v', '/m/01280g']",['/m/09l8g']
/m/068hy,"domestic_animals,_pets","['/m/0bt9lr', '/m/01yrx']",['/m/09l8g']
/m/0bt9lr,dog,"['/m/05tny_', '/m/07r_k2n', '/m/07qf0zm', '/m/07rc7d9', '/m/0ghcn6', '/t/dd00136', '/m/07srf8z']",['/m/0dgw9r']
/m/05tny_,bark,[],['/m/01w250']
/m/07r_k2n,yip,[],['/m/0dgw9r']
/m/07qf0zm,howl,[],['/m/0dgw9r']
/m/07rc7d9,bow-wow,[],['/m/0dgw9r']
/m/0ghcn6,growling,[],['/m/0dgw9r']
/t/dd00136,whimper_(dog),[],['/m/09hlz4']
/m/07srf8z,bay,[],['/m/09hlz4']
/m/01yrx,cat,"['/m/02yds9', '/m/07qrkrw', '/m/07rjwbb', '/m/0f25s6', '/m/07r81j2', '/m/0ghcn6']",['/m/09hlz4']
/m/02yds9,purr,[],['/m/09hlz4']
/m/07qrkrw,meow,[],['/m/09hlz4']
/m/07rjwbb,hiss,[],['/m/0lyf6']
/m/0f25s6,cat_communication,[],['/m/0lyf6']
/m/07r81j2,caterwaul,[],['/m/0lyf6']
/m/0ch8v,"livestock,_farm_animals,_working_animals","['/m/03k3r', '/m/0ffhf', '/m/01xq0k1', '/m/068zj', '/m/03fwl', '/m/07bgp', '/m/025rv6n']",['/m/0lyf6']
/m/03k3r,horse,"['/m/07rv9rh', '/m/07q5rw0', '/t/dd00139', '/t/dd00140']",['/m/0lyf6']
/m/07rv9rh,clip-clop,[],['/m/09hlz4']
/m/07q5rw0,"neigh,_whinny",[],['/m/01b_21']
/t/dd00139,snort_(horse),[],['/m/09hlz4']
/t/dd00140,nicker,[],['/m/09hlz4']
/m/0ffhf,"donkey,_ass",[],['/m/0dgw9r']
/m/01xq0k1,"cattle,_bovinae","['/m/07rpkh9', '/m/0239kh', '/m/01hhp3']",['/m/0dgw9r']
/m/07rpkh9,moo,[],['/m/0dgw9r']
/m/0239kh,cowbell,[],['/m/0bpl036']
/m/01hhp3,yak,[],['/m/0bpl036']
/m/068zj,pig,['/t/dd00018'],['/m/0bpl036']
/t/dd00018,oink,[],['/m/0dgw9r']
/m/03fwl,goat,['/m/07q0h5t'],['/m/0dgw9r']
/m/07q0h5t,bleat,[],['/m/0dgw9r']
/m/07bgp,sheep,['/m/07q0h5t'],['/m/0dgw9r']
/m/025rv6n,fowl,"['/m/09b5t', '/m/01rd7k', '/m/09ddx', '/m/0dbvp']",['/m/0dgw9r']
/m/09b5t,"chicken,_rooster","['/m/07st89h', '/m/07qn5dc']",['/m/0dgw9r']
/m/07st89h,cluck,[],['/m/0dgw9r']
/m/07qn5dc,"crowing,_cock-a-doodle-doo",[],['/m/0160x5']
/m/01rd7k,turkey,['/m/07svc2k'],['/m/0160x5']
/m/07svc2k,gobble,[],['/m/0160x5']
/m/09ddx,duck,['/m/07qdb04'],['/m/0160x5']
/m/07qdb04,quack,[],['/m/0160x5']
/m/0dbvp,goose,['/m/07qwf61'],['/m/0160x5']
/m/07qwf61,honk,[],['/m/0160x5']
/m/01280g,wild_animals,"['/m/0cdnk', '/m/015p6', '/m/01z5f', '/m/06hps', '/m/03vt0', '/m/09ld4', '/m/078jl', '/m/032n05']",['/m/0dgw9r']
/m/0cdnk,"roaring_cats_(lions,_tigers)","['/m/04cvmfc', '/m/0ghcn6']",['/m/0dgw9r']
/m/04cvmfc,roar,[],['/m/0k65p']
/m/015p6,bird,"['/m/020bb7', '/m/0h0rv', '/m/04s8yn', '/m/09d5_', '/m/01dwxx', '/m/05_wcq']","['/m/0k65p', '/t/dd00012']"
/m/020bb7,"bird_vocalization,_bird_call,_bird_song","['/m/07pggtn', '/m/07sx8x_']",['/m/0dgw9r']
/m/07pggtn,"chirp,_tweet",[],['/m/01jg02']
/m/07sx8x_,squawk,[],['/m/0dgw9r']
/m/0h0rv,"pigeon,_dove",['/m/07r_25d'],['/m/04xp5v']
/m/07r_25d,coo,[],['/m/0dgw9r']
/m/04s8yn,crow,['/m/07r5c2p'],['/m/0dgw9r']
/m/07r5c2p,caw,[],['/m/0dgw9r']
/m/09d5_,owl,['/m/07r_80w'],['/m/0dgw9r']
/m/07r_80w,hoot,[],['/m/0dgw9r']
/m/01dwxx,"gull,_seagull",[],['/m/0dgw9r']
/m/05_wcq,"bird_flight,_flapping_wings",[],['/m/0dgw9r']
/m/01z5f,"canidae,_dogs,_wolves","['/m/07qf0zm', '/m/0ghcn6']",['/m/0dgw9r']
/m/06hps,"rodents,_rats,_mice","['/m/04rmv', '/m/02021', '/m/07r4gkf']",['/m/0dgw9r']
/m/04rmv,mouse,[],['/t/dd00012']
/m/02021,chipmunk,[],['/t/dd00012']
/m/07r4gkf,patter,[],['/t/dd00012']
/m/03vt0,insect,"['/m/09xqv', '/m/09f96', '/m/0h2mp', '/m/01h3n']",['/t/dd00012']
/m/09xqv,cricket,[],"['/t/dd00012', '/m/096m7z']"
/m/09f96,mosquito,[],['/t/dd00012']
/m/0h2mp,"fly,_housefly",['/m/07pjwq1'],['/t/dd00012']
/m/07pjwq1,buzz,[],
/m/01h3n,"bee,_wasp,_etc.",['/m/07pjwq1'],
/m/09ld4,frog,['/m/07st88b'],
/m/07st88b,croak,[],['/m/0jbk']
/m/078jl,snake,"['/m/07rjwbb', '/m/07qn4z3']",['/m/0jbk']
/m/07qn4z3,rattle,[],['/m/068hy']
/m/032n05,whale_vocalization,[],['/m/068hy']
/m/04rlf,music,"['/m/04szw', '/m/0kpv1t', '/t/dd00027', '/t/dd00028', '/t/dd00030']",['/m/068hy']
/m/04szw,musical_instrument,"['/m/0fx80y', '/m/05148p4', '/m/0l14md', '/m/05pd6', '/m/01kcd', '/m/0l14_3', '/m/085jw', '/m/03m5k', '/m/0l14jd', '/m/0395lw', '/m/03qjg', '/m/0mkg', '/m/0192l', '/m/02bxd', '/m/0l14l2', '/m/07kc_', '/m/0l14t7', '/m/05229', '/m/01vj9c', '/m/01hgjl']",['/m/068hy']
/m/0fx80y,plucked_string_instrument,"['/m/0342h', '/m/018j2', '/m/0jtg0', '/m/04rzd', '/m/01bns_', '/m/07xzm']",['/m/068hy']
/m/0342h,guitar,"['/m/02sgy', '/m/018vs', '/m/042v_gx', '/m/06w87', '/m/01glhc', '/m/07s0s5r']",['/m/068hy']
/m/02sgy,electric_guitar,[],['/m/068hy']
/m/018vs,bass_guitar,[],['/m/0bt9lr']
/m/042v_gx,acoustic_guitar,[],['/m/0bt9lr']
/m/06w87,"steel_guitar,_slide_guitar",[],"['/m/0bt9lr', '/m/01z5f']"
/m/01glhc,tapping_(guitar_technique),[],['/m/0bt9lr']
/m/07s0s5r,strum,[],"['/m/0bt9lr', '/m/01yrx', '/m/0cdnk', '/m/01z5f']"
/m/018j2,banjo,[],['/m/0bt9lr']
/m/0jtg0,sitar,[],['/m/0bt9lr']
/m/04rzd,mandolin,[],['/m/068hy']
/m/01bns_,zither,[],['/m/068hy']
/m/07xzm,ukulele,[],['/m/068hy']
/m/05148p4,keyboard_(musical),"['/m/05r5c', '/m/013y1f', '/m/0l14qv', '/m/03q5t']",['/m/068hy']
/m/05r5c,piano,['/m/01s0ps'],['/m/068hy']
/m/01s0ps,electric_piano,"['/m/025cbm', '/m/0bxl5']",['/m/068hy']
/m/025cbm,clavinet,[],['/m/01yrx']
/m/0bxl5,rhodes_piano,[],['/m/01yrx']
/m/013y1f,organ,"['/m/03xq_f', '/m/03gvt']","['/m/01yrx', '/m/078jl', '/m/06wzb', '/m/05n1m']"
/m/03xq_f,electronic_organ,[],['/m/01yrx']
/m/03gvt,hammond_organ,[],['/m/01yrx']
/m/0l14qv,synthesizer,"['/m/01v1d8', '/m/0gkd1']",['/m/0jbk']
/m/01v1d8,sampler,[],['/m/0jbk']
/m/0gkd1,mellotron,[],['/m/0jbk']
/m/03q5t,harpsichord,[],['/m/0jbk']
/m/0l14md,percussion,"['/m/02hnl', '/m/026t6', '/m/01qbl', '/m/0239kh', '/m/01sm1g', '/m/07brj', '/m/05r5wn', '/m/0mbct', '/m/016622', '/m/0j45pbj']",['/m/0jbk']
/m/02hnl,drum_kit,['/m/0cfdd'],['/m/0jbk']
/m/0cfdd,drum_machine,[],['/m/0jbk']
/m/026t6,drum,"['/m/06rvn', '/m/0bm02', '/m/011k_j', '/m/01p970']",['/m/0ch8v']
/m/06rvn,snare_drum,"['/m/03t3fj', '/m/02k_mr']",['/m/0ch8v']
/m/03t3fj,rimshot,[],['/m/0ch8v']
/m/02k_mr,drum_roll,[],['/m/0ch8v']
/m/0bm02,bass_drum,[],"['/m/03k3r', '/m/07qc9xj']"
/m/011k_j,timpani,[],['/m/03k3r']
/m/01p970,tabla,[],['/m/03k3r']
/m/01qbl,cymbal,"['/m/03qtq', '/m/0bm0k']",['/m/03k3r']
/m/03qtq,hi-hat,[],['/m/0ch8v']
/m/0bm0k,crash_cymbal,[],['/m/0ch8v']
/m/01sm1g,wood_block,[],['/m/0ch8v']
/m/07brj,tambourine,[],['/m/0ch8v']
/m/05r5wn,rattle_(instrument),['/m/0xzly'],['/m/01xq0k1']
/m/0xzly,maraca,[],"['/m/01xq0k1', '/m/0l14md', '/m/0395lw']"
/m/0mbct,gong,[],['/m/01xq0k1']
/m/016622,tubular_bells,[],['/m/0ch8v']
/m/0j45pbj,mallet_percussion,"['/m/0dwsp', '/m/0dwtp', '/m/0dwt5', '/m/0l156b']",['/m/068zj']
/m/0dwsp,"marimba,_xylophone",[],['/m/0ch8v']
/m/0dwtp,glockenspiel,[],"['/m/03fwl', '/m/07bgp']"
/m/0dwt5,vibraphone,[],['/m/0ch8v']
/m/0l156b,steelpan,[],['/m/0ch8v']
/m/05pd6,orchestra,[],['/m/0ch8v']
/m/01kcd,brass_instrument,"['/m/0319l', '/m/07gql', '/m/07c6l', '/m/020w2', '/m/0y64j']",['/m/0ch8v']
/m/0319l,french_horn,[],['/m/0ch8v']
/m/07gql,trumpet,[],['/m/025rv6n']
/m/07c6l,trombone,[],['/m/025rv6n']
/m/020w2,cornet,[],['/m/09b5t']
/m/0y64j,bugle,[],['/m/09b5t']
/m/0l14_3,bowed_string_instrument,"['/m/02qmj0d', '/m/07y_7', '/m/01xqw', '/m/02fsn']",['/m/025rv6n']
/m/02qmj0d,string_section,[],['/m/01rd7k']
/m/07y_7,"violin,_fiddle",['/m/0d8_n'],['/m/025rv6n']
/m/0d8_n,pizzicato,[],['/m/09ddx']
/m/01xqw,cello,[],['/m/025rv6n']
/m/02fsn,double_bass,[],['/m/0dbvp']
/m/085jw,"wind_instrument,_woodwind_instrument","['/m/0l14j_', '/m/06ncr', '/m/01wy6', '/m/05kms', '/m/01c3q']",['/m/0jbk']
/m/0l14j_,flute,[],['/m/0jbk']
/m/06ncr,saxophone,"['/m/02pprs', '/m/03t22m']",['/m/0jbk']
/m/02pprs,alto_saxophone,[],['/m/0jbk']
/m/03t22m,soprano_saxophone,[],['/m/0jbk']
/m/01wy6,clarinet,[],['/m/0jbk']
/m/05kms,oboe,[],['/m/0jbk']
/m/01c3q,bassoon,[],['/m/0jbk']
/m/03m5k,harp,[],['/m/01280g']
/m/0395lw,bell,"['/m/03w41f', '/m/0239kh', '/m/027m70_', '/m/0gy1t2s', '/m/07n_g', '/m/0f8s22', '/m/0150b9']",['/m/01280g']
/m/03w41f,church_bell,[],['/m/0cdnk']
/m/027m70_,jingle_bell,[],['/m/01280g']
/m/0gy1t2s,bicycle_bell,[],['/m/01280g']
/m/07n_g,tuning_fork,[],['/m/01280g']
/m/0f8s22,chime,['/m/026fgl'],['/m/01280g']
/m/026fgl,wind_chime,[],['/m/01280g']
/m/0150b9,change_ringing_(campanology),[],['/m/01280g']
/m/03qjg,harmonica,[],['/m/015p6']
/m/0mkg,accordion,[],['/m/015p6']
/m/0192l,bagpipes,[],"['/m/020bb7', '/t/dd000138']"
/m/02bxd,didgeridoo,[],['/m/020bb7']
/m/0l14l2,shofar,[],['/m/015p6']
/m/07kc_,theremin,[],['/m/0h0rv']
/m/0l14t7,singing_bowl,[],['/m/015p6']
/m/05229,musical_ensemble,[],['/m/04s8yn']
/m/01vj9c,bass_(instrument_role),[],['/m/015p6']
/m/01hgjl,scratching_(performance_technique),[],['/m/09d5_']
/m/0kpv1t,music_genre,"['/m/064t9', '/m/0glt670', '/m/06by7', '/m/06j6l', '/m/0gywn', '/m/06cqb', '/m/01lyv', '/m/02x8m', '/m/02w4v', '/m/06j64v', '/m/03_d0', '/m/026z9', '/m/0ggq0m', '/m/02lkt', '/m/0g293', '/m/0155w', '/m/05fw6t', '/m/02v2lh', '/m/0y4f8', '/m/0164x2', '/m/02mscn', '/m/028sqc', '/m/06rqw', '/m/02p0sh1', '/m/05rwpb']",['/m/015p6']
/m/064t9,pop_music,[],['/m/015p6']
/m/0glt670,hip_hop_music,"['/m/04j_h4', '/m/0n8zsc8', '/m/02cz_7']",['/m/01280g']
/m/04j_h4,grime_music,[],['/m/01280g']
/m/0n8zsc8,trap_music,[],['/m/01280g']
/m/02cz_7,beatboxing,[],['/m/01280g']
/m/06by7,rock_music,"['/m/03lty', '/m/05r6t', '/m/0dls3', '/m/0dl5d', '/m/07sbbz2', '/m/05w3f']",['/m/01280g']
/m/03lty,heavy_metal,[],['/m/06hps']
/m/05r6t,punk_rock,[],['/m/06hps']
/m/0dls3,grunge,[],['/m/06hps']
/m/0dl5d,progressive_rock,[],['/m/01280g']
/m/07sbbz2,rock_and_roll,[],['/m/01280g']
/m/05w3f,psychedelic_rock,[],['/m/01280g']
/m/06j6l,rhythm_and_blues,[],['/m/01280g']
/m/0gywn,soul_music,[],['/m/03vt0']
/m/06cqb,reggae,['/m/0190y4'],['/m/03vt0']
/m/0190y4,dub,[],['/m/03vt0']
/m/01lyv,country,"['/m/015y_n', '/m/0gg8l']","['/m/0h2mp', '/m/01h3n', '/t/dd000138']"
/m/015y_n,swing_music,[],['/m/03vt0']
/m/0gg8l,bluegrass,[],['/m/01280g']
/m/02x8m,funk,[],['/m/09ld4']
/m/02w4v,folk_music,[],['/m/01280g']
/m/06j64v,middle_eastern_music,[],['/m/01280g']
/m/03_d0,jazz,[],"['/m/078jl', '/m/05n1m']"
/m/026z9,disco,[],['/m/01280g']
/m/0ggq0m,classical_music,['/m/05lls'],
/m/05lls,opera,[],
/m/02lkt,electronic_music,"['/m/03mb9', '/m/07gxw', '/m/07s72n', '/m/029h7y', '/m/0283d', '/m/0m0jc', '/m/08cyft', '/m/0fd3y', '/m/07lnk', '/m/0m0fw', '/m/0bmfpc']",
/m/03mb9,house_music,[],
/m/07gxw,techno,[],
/m/07s72n,dubstep,[],['/m/04rlf']
/m/029h7y,electro,[],['/m/04rlf']
/m/0283d,drum_and_bass,['/m/01f9gb'],['/m/04rlf']
/m/01f9gb,oldschool_jungle,[],['/m/04rlf']
/m/0m0jc,electronica,[],['/m/04rlf']
/m/08cyft,electronic_dance_music,[],['/m/04rlf']
/m/0fd3y,ambient_music,['/m/052smk'],['/m/04rlf']
/m/052smk,drone_music,[],['/m/04rlf']
/m/07lnk,trance_music,[],['/m/04rlf']
/m/0m0fw,noise_music,[],['/m/04rlf']
/m/0bmfpc,uk_garage,[],['/m/04rlf']
/m/0g293,music_of_latin_america,"['/m/02ccj9', '/m/0ln16', '/m/0kpck', '/m/080nby', '/m/05q7ms', '/m/0326g']",['/m/04rlf']
/m/02ccj9,cumbia,[],['/m/04rlf']
/m/0ln16,salsa_music,[],['/m/04rlf']
/m/0kpck,soca_music,[],['/m/04rlf']
/m/080nby,kuduro,[],['/m/04rlf']
/m/05q7ms,funk_carioca,[],['/m/04rlf']
/m/0326g,flamenco,[],['/m/04rlf']
/m/0155w,blues,[],['/m/04rlf']
/m/05fw6t,music_for_children,[],['/m/04rlf']
/m/02v2lh,new-age_music,[],['/m/04szw']
/m/0y4f8,vocal_music,"['/m/0z9c', '/m/02bk07', '/m/02cz_7']",['/m/04szw']
/m/0z9c,a_capella,[],['/m/04szw']
/m/0164x2,music_of_africa,"['/m/0145m', '/m/022dgg']",['/m/04szw']
/m/0145m,afrobeat,[],['/m/04szw']
/m/022dgg,kwaito,[],['/m/04szw']
/m/02mscn,christian_music,['/m/016cjb'],['/m/0fx80y']
/m/016cjb,gospel_music,[],['/m/0fx80y']
/m/028sqc,music_of_asia,"['/m/015vgc', '/m/0dq0md']",['/m/0fx80y']
/m/015vgc,carnatic_music,[],['/m/0fx80y']
/m/0dq0md,music_of_bollywood,[],['/m/0fx80y']
/m/06rqw,ska,[],['/m/0fx80y']
/m/02p0sh1,traditional_music,[],['/m/0342h']
/m/05rwpb,independent_music,[],['/m/0342h']
/t/dd00027,musical_concepts,"['/m/074ft', '/m/09dsr', '/m/05jcn', '/m/022c7z', '/m/01gp74', '/m/0b128', '/m/021wwz', '/m/0kc2j', '/m/03w6d1']",['/m/0342h']
/m/074ft,song,[],['/m/0342h']
/m/09dsr,melody,[],['/m/0342h']
/m/05jcn,musical_note,[],['/m/0342h']
/m/022c7z,beat,['/m/05xp3j'],['/m/0fx80y']
/m/05xp3j,drum_beat,[],['/m/0fx80y']
/m/01gp74,chord,[],['/m/0fx80y']
/m/0b128,harmony,[],['/m/0fx80y']
/m/021wwz,bassline,[],['/m/0fx80y']
/m/0kc2j,loop,[],['/m/04szw']
/m/03w6d1,drone,[],['/m/04szw']
/t/dd00028,music_role,"['/m/025td0t', '/m/02cjck', '/m/03r5q_', '/m/0l14gg', '/m/07pkxdp', '/m/01z7dr', '/m/0140xf', '/m/0ggx5q', '/m/04wptg', '/t/dd00029']",['/m/04szw']
/m/025td0t,background_music,[],['/m/04szw']
/m/02cjck,theme_music,[],['/m/05148p4']
/m/03r5q_,jingle_(music),[],['/m/05r5c']
/m/0l14gg,soundtrack_music,[],['/m/05r5c']
/m/07pkxdp,lullaby,[],['/m/01s0ps']
/m/01z7dr,video_game_music,[],['/m/01s0ps']
/m/0140xf,christmas_music,[],['/m/05148p4']
/m/0ggx5q,dance_music,[],['/m/05148p4']
/m/04wptg,wedding_music,[],['/m/013y1f']
/t/dd00029,birthday_music,[],['/m/013y1f']
/t/dd00030,music_mood,"['/t/dd00031', '/t/dd00032', '/t/dd00033', '/t/dd00034', '/t/dd00035', '/t/dd00036', '/t/dd00037']",['/m/05148p4']
/t/dd00031,happy_music,[],['/m/05148p4']
/t/dd00032,funny_music,[],['/m/0l14qv']
/t/dd00033,sad_music,[],['/m/0l14qv']
/t/dd00034,tender_music,[],['/m/05148p4']
/t/dd00035,exciting_music,[],['/m/04szw']
/t/dd00036,angry_music,[],['/m/04szw']
/t/dd00037,scary_music,[],['/m/04szw']
/m/059j3w,natural_sounds,"['/m/03m9d0z', '/m/0jb2l', '/m/0838f', '/m/02_41']",['/m/04szw']
/m/03m9d0z,wind,"['/m/07q8f3b', '/m/09t49', '/t/dd00092']",['/m/04szw']
/m/07q8f3b,howl_(wind),[],['/m/04szw']
/m/09t49,rustling_leaves,[],['/m/04szw']
/t/dd00092,wind_noise_(microphone),[],['/m/04szw']
/m/0jb2l,thunderstorm,['/m/0ngt1'],['/m/04szw']
/m/0ngt1,thunder,[],['/m/04szw']
/m/0838f,water,"['/m/06mb1', '/m/0j6m2', '/m/0j2kx', '/m/05kq4', '/m/06wzb', '/m/07swgks']",['/m/0l14md']
/m/06mb1,rain,"['/m/07r10fb', '/t/dd00038']",['/m/02hnl']
/m/07r10fb,raindrop,[],['/m/0l14md']
/t/dd00038,rain_on_surface,[],['/m/0l14md']
/m/0j6m2,stream,[],['/m/0l14md']
/m/0j2kx,waterfall,[],['/m/0l14md']
/m/05kq4,ocean,['/m/034srq'],['/m/026t6']
/m/034srq,"waves,_surf",[],['/m/026t6']
/m/06wzb,steam,['/m/07rjwbb'],['/m/06rvn']
/m/07swgks,gurgling,[],['/m/06rvn']
/m/02_41,fire,"['/m/07pzfmf', '/m/0fjy1']",['/m/026t6']
/m/07pzfmf,crackle,[],['/m/026t6']
/m/0fjy1,wildfire,[],['/m/026t6']
/t/dd00041,sounds_of_things,"['/m/07yv9', '/m/02mk9', '/t/dd00071', '/m/0395lw', '/m/07pp_mv', '/t/dd00077', '/m/07k1x', '/m/014zdl', '/m/083vt', '/m/039jq', '/m/04k94', '/t/dd00089', '/t/dd00133']",['/m/0l14md']
/m/07yv9,vehicle,"['/m/019jd', '/m/012f08', '/m/06d_3', '/m/0k5j', '/t/dd00061']",['/m/0l14md']
/m/019jd,"boat,_water_vehicle","['/m/0hsrw', '/m/056ks2', '/m/02rlv9', '/m/06q74']",['/m/01qbl']
/m/0hsrw,"sailboat,_sailing_ship",[],['/m/01qbl']
/m/056ks2,"rowboat,_canoe,_kayak",[],['/m/0l14md']
/m/02rlv9,"motorboat,_speedboat",[],['/m/0l14md']
/m/06q74,ship,[],['/m/0l14md']
/m/012f08,motor_vehicle_(road),"['/m/0k4j', '/m/07r04', '/m/01bjv', '/m/03j1ly', '/m/04_sv', '/m/0btp2']",['/m/05r5wn']
/m/0k4j,car,"['/m/0912c9', '/m/02mfyn', '/m/04gxbd', '/m/07rknqz', '/m/0h9mv', '/t/dd00134', '/m/0ltv']",['/m/0l14md']
/m/0912c9,"vehicle_horn,_car_horn,_honking",['/m/07qv_d5'],['/m/0l14md']
/m/07qv_d5,toot,[],['/m/0l14md']
/m/02mfyn,car_alarm,[],['/m/0l14md']
/m/04gxbd,"power_windows,_electric_windows",[],['/m/0l14md']
/m/07rknqz,skidding,[],['/m/0l14md']
/m/0h9mv,tire_squeal,[],['/m/0j45pbj']
/t/dd00134,car_passing_by,[],['/m/0j45pbj']
/m/0ltv,"race_car,_auto_racing",[],['/m/0j45pbj']
/m/07r04,truck,"['/m/0gvgw0', '/m/05x_td', '/m/02rhddq', '/m/03cl9h']",['/m/0j45pbj']
/m/0gvgw0,air_brake,[],['/m/04szw']
/m/05x_td,"air_horn,_truck_horn",[],['/m/04szw']
/m/02rhddq,reversing_beeps,[],['/m/04szw']
/m/03cl9h,"ice_cream_truck,_ice_cream_van",[],['/m/04szw']
/m/01bjv,bus,[],['/m/04szw']
/m/03j1ly,emergency_vehicle,"['/m/04qvtq', '/m/012n7d', '/m/012ndj']",['/m/04szw']
/m/04qvtq,police_car_(siren),[],['/m/01kcd']
/m/012n7d,ambulance_(siren),[],['/m/01kcd']
/m/012ndj,"fire_engine,_fire_truck_(siren)",[],['/m/01kcd']
/m/04_sv,motorcycle,[],['/m/01kcd']
/m/0btp2,"traffic_noise,_roadway_noise",[],['/m/01kcd']
/m/06d_3,rail_transport,"['/m/07jdr', '/m/01g50p', '/t/dd00048', '/m/0195fx']",['/m/04szw']
/m/07jdr,train,"['/m/04zmvq', '/m/0284vy3']",['/m/04szw']
/m/04zmvq,train_whistle,[],['/m/04szw']
/m/0284vy3,train_horn,[],['/m/04szw']
/m/01g50p,"railroad_car,_train_wagon",[],['/m/0l14_3']
/t/dd00048,train_wheels_squealing,[],['/m/0l14_3']
/m/0195fx,"subway,_metro,_underground",[],['/m/07y_7']
/m/0k5j,aircraft,"['/m/014yck', '/m/09ct_', '/m/0cmf2']",['/m/0l14_3']
/m/014yck,aircraft_engine,"['/m/04229', '/m/02l6bg']",['/m/0l14_3']
/m/04229,jet_engine,[],['/m/04szw']
/m/02l6bg,"propeller,_airscrew",[],['/m/04szw']
/m/09ct_,helicopter,[],['/m/04szw']
/m/0cmf2,"fixed-wing_aircraft,_airplane",[],['/m/04szw']
/t/dd00061,non-motorized_land_vehicle,"['/m/0199g', '/m/06_fw']",['/m/04szw']
/m/0199g,bicycle,['/m/0gy1t2s'],['/m/085jw']
/m/06_fw,skateboard,[],['/m/085jw']
/m/02mk9,engine,"['/t/dd00065', '/t/dd00066', '/t/dd00067', '/m/04229', '/m/01h82_', '/t/dd00130', '/m/07pb8fc', '/m/07q2z82']",['/m/085jw']
/t/dd00065,light_engine_(high_frequency),"['/m/08j51y', '/m/01yg9g', '/m/01j4z9']",['/m/06ncr']
/m/08j51y,"dental_drill,_dentist's_drill",[],['/m/06ncr']
/m/01yg9g,lawn_mower,[],['/m/085jw']
/m/01j4z9,chainsaw,[],['/m/085jw']
/t/dd00066,medium_engine_(mid_frequency),[],['/m/085jw']
/t/dd00067,heavy_engine_(low_frequency),[],['/m/04szw']
/m/01h82_,engine_knocking,[],"['/m/04szw', '/t/dd00041']"
/t/dd00130,engine_starting,[],"['/m/04szw', '/t/dd00041']"
/m/07pb8fc,idling,[],"['/m/04szw', '/t/dd00041']"
/m/07q2z82,"accelerating,_revving,_vroom",[],"['/m/04szw', '/t/dd00041']"
/t/dd00071,"domestic_sounds,_home_sounds","['/m/02dgv', '/m/0642b4', '/m/0fqfqc', '/m/04brg2', '/m/023pjk', '/m/07pn_8q', '/m/0dxrf', '/m/0fx9l', '/m/02pjr4', '/g/11b630rrvh', '/m/02jz0l', '/m/0130jx', '/m/03dnzn', '/m/03wvsk', '/m/01jt3m', '/m/012xff', '/m/0d31p', '/m/01s0vc', '/m/0zmy2j9', '/m/03v3yw', '/m/0242l', '/m/05mxj0q', '/m/01lsmm', '/m/02g901', '/m/05rj2', '/m/0316dw', '/m/081rb']","['/m/04szw', '/t/dd00041']"
/m/02dgv,door,"['/m/03wwcy', '/m/02y_763', '/m/07rjzl8', '/m/07r4wb8', '/m/07qcpgn', '/m/07q6cd_']","['/m/04szw', '/t/dd00041']"
/m/03wwcy,doorbell,['/m/07r67yg'],"['/m/04szw', '/t/dd00041']"
/m/07r67yg,ding-dong,[],['/m/0395lw']
/m/02y_763,sliding_door,[],['/m/0395lw']
/m/07rjzl8,slam,[],"['/m/0395lw', '/m/0199g', '/m/07pp_mv']"
/m/07r4wb8,knock,[],['/m/0395lw']
/m/07qcpgn,tap,[],['/m/0395lw']
/m/07q6cd_,squeak,[],['/m/0f8s22']
/m/0642b4,cupboard_open_or_close,[],['/m/0395lw']
/m/0fqfqc,drawer_open_or_close,[],['/m/04szw']
/m/04brg2,"dishes,_pots,_and_pans",[],['/m/04szw']
/m/023pjk,"cutlery,_silverware",[],['/m/04szw']
/m/07pn_8q,chopping_(food),[],['/m/04szw']
/m/0dxrf,frying_(food),[],['/m/04szw']
/m/0fx9l,microwave_oven,[],['/m/04szw']
/m/02pjr4,blender,[],['/m/04szw']
/g/11b630rrvh,kettle_whistle,[],['/m/04szw']
/m/02jz0l,"water_tap,_faucet",[],['/m/04szw']
/m/0130jx,sink_(filling_or_washing),[],['/m/04szw']
/m/03dnzn,bathtub_(filling_or_washing),[],['/m/04rlf']
/m/03wvsk,hair_dryer,[],['/m/04rlf']
/m/01jt3m,toilet_flush,[],['/m/04rlf']
/m/012xff,toothbrush,['/m/04fgwm'],['/m/04rlf']
/m/04fgwm,electric_toothbrush,[],['/m/04rlf']
/m/0d31p,vacuum_cleaner,[],['/m/04rlf']
/m/01s0vc,zipper_(clothing),[],['/m/04rlf']
/m/0zmy2j9,"velcro,_hook_and_loop_fastener",[],['/m/04rlf']
/m/03v3yw,keys_jangling,[],['/m/04rlf']
/m/0242l,coin_(dropping),[],['/m/04rlf']
/m/05mxj0q,"packing_tape,_duct_tape",[],['/m/04rlf']
/m/01lsmm,scissors,[],['/m/04rlf']
/m/02g901,"electric_shaver,_electric_razor",[],['/m/04rlf']
/m/05rj2,shuffling_cards,[],['/m/04rlf']
/m/0316dw,typing,"['/m/0c2wf', '/m/01m2v']",['/m/04rlf']
/m/0c2wf,typewriter,[],['/m/04rlf']
/m/01m2v,computer_keyboard,[],['/m/04rlf']
/m/081rb,writing,[],['/m/04rlf']
/m/07pp_mv,alarm,"['/m/07cx4', '/m/046dlr', '/m/03kmc9', '/m/03wwcy', '/m/030rvx', '/m/01y3hg', '/m/0c3f7m', '/m/02mfyn', '/m/0912c9', '/m/0gy1t2s', '/m/05x_td', '/m/04fq5q', '/m/0l156k']",['/m/04rlf']
/m/07cx4,telephone,"['/m/07pp8cl', '/m/01hnzm', '/m/01sb50', '/m/02c8p', '/m/015jpf', '/m/01z47d']",['/m/04rlf']
/m/07pp8cl,telephone_bell_ringing,[],['/m/04rlf']
/m/01hnzm,ringtone,[],['/m/04rlf']
/m/01sb50,"cellphone_buzz,_vibrating_alert",[],['/m/04rlf']
/m/02c8p,"telephone_dialing,_dtmf",[],['/m/04rlf']
/m/015jpf,dial_tone,[],['/m/04rlf']
/m/01z47d,busy_signal,[],['/m/0kpv1t']
/m/046dlr,alarm_clock,[],['/m/0kpv1t']
/m/03kmc9,siren,"['/m/04qvtq', '/m/012n7d', '/m/012ndj', '/m/0dgbq']",['/m/0kpv1t']
/m/0dgbq,civil_defense_siren,[],['/m/0kpv1t']
/m/030rvx,buzzer,[],['/m/0glt670']
/m/01y3hg,"smoke_detector,_smoke_alarm",[],['/m/0glt670']
/m/0c3f7m,fire_alarm,[],"['/m/0glt670', '/m/0y4f8']"
/m/04fq5q,foghorn,[],['/m/0kpv1t']
/m/0l156k,whistle,"['/g/11b630rrvh', '/m/06hck5']",['/m/0kpv1t']
/m/06hck5,steam_whistle,[],['/m/0kpv1t']
/t/dd00077,mechanisms,"['/m/02bm9n', '/m/01x3z', '/m/0l7xg', '/m/05zc1', '/m/0llzx', '/m/02x984l', '/m/025wky1', '/m/024dl', '/m/01m4t', '/m/0dv5r']",['/m/0kpv1t']
/m/02bm9n,"ratchet,_pawl",[],['/m/0kpv1t']
/m/01x3z,clock,"['/m/07qjznt', '/m/07qjznl']",['/m/0kpv1t']
/m/07qjznt,tick,[],['/m/06by7']
/m/07qjznl,tick-tock,[],['/m/06by7']
/m/0l7xg,gears,[],['/m/06by7']
/m/05zc1,pulleys,[],['/m/06by7']
/m/0llzx,sewing_machine,[],['/m/06by7']
/m/02x984l,mechanical_fan,[],['/m/06by7']
/m/025wky1,air_conditioning,[],['/m/0kpv1t']
/m/024dl,cash_register,[],['/m/0kpv1t']
/m/01m4t,printer,[],['/m/0kpv1t']
/m/0dv5r,camera,['/m/07bjf'],['/m/06cqb']
/m/07bjf,single-lens_reflex_camera,[],['/m/0kpv1t']
/m/07k1x,tools,"['/m/03l9g', '/m/03p19w', '/m/01b82r', '/m/02p01q', '/m/023vsd', '/m/0_ksk']",['/m/0kpv1t']
/m/03l9g,hammer,[],['/m/01lyv']
/m/03p19w,jackhammer,[],['/m/01lyv']
/m/01b82r,sawing,[],['/m/0kpv1t']
/m/02p01q,filing_(rasp),[],['/m/0kpv1t']
/m/023vsd,sanding,[],['/m/0kpv1t']
/m/0_ksk,power_tool,['/m/01d380'],['/m/0kpv1t']
/m/01d380,drill,['/m/08j51y'],['/m/0kpv1t']
/m/014zdl,explosion,"['/m/032s66', '/m/0g6b5', '/m/07qsvvw', '/m/07pxg6y', '/m/07qqyl4']",['/m/0kpv1t']
/m/032s66,"gunshot,_gunfire","['/m/04zjc', '/m/02z32qm', '/m/0_1c', '/m/073cg4']",['/m/0ggq0m']
/m/04zjc,machine_gun,[],['/m/0kpv1t']
/m/02z32qm,fusillade,[],['/m/0kpv1t']
/m/0_1c,artillery_fire,[],['/m/0kpv1t']
/m/073cg4,cap_gun,[],['/m/0kpv1t']
/m/0g6b5,fireworks,['/g/122z_qxw'],['/m/0kpv1t']
/g/122z_qxw,firecracker,[],['/m/0kpv1t']
/m/07qsvvw,"burst,_pop",[],['/m/0kpv1t']
/m/07pxg6y,eruption,[],['/m/0kpv1t']
/m/07qqyl4,boom,['/m/0193bn'],['/m/0kpv1t']
/m/0193bn,sonic_boom,[],['/m/0kpv1t']
/m/083vt,wood,"['/m/07pczhz', '/m/07pl1bw', '/m/07qs1cx', '/m/07pc8l3']",['/m/0kpv1t']
/m/07pczhz,chop,[],['/m/02lkt']
/m/07pl1bw,splinter,[],['/m/02lkt']
/m/07qs1cx,crack,[],['/m/02lkt']
/m/07pc8l3,snap,[],['/m/02lkt']
/m/039jq,glass,"['/m/07q7njn', '/m/07rn7sz']",['/m/02lkt']
/m/07q7njn,"chink,_clink",[],['/m/0283d']
/m/07rn7sz,shatter,[],['/m/02lkt']
/m/04k94,liquid,"['/m/07rrlb6', '/m/07qlwh6', '/m/07r5v4s', '/m/07prgkl', '/m/07p7b8y', '/m/07qlf79', '/m/07ptzwd', '/m/07ptfmf', '/m/0dv3j']",['/m/02lkt']
/m/07rrlb6,"splash,_splatter",['/m/07p6mqd'],['/m/02lkt']
/m/07p6mqd,slosh,[],['/m/0fd3y']
/m/07qlwh6,squish,[],['/m/02lkt']
/m/07r5v4s,drip,[],['/m/02lkt']
/m/07prgkl,pour,"['/m/07pqc89', '/t/dd00088']",['/m/02lkt']
/m/07pqc89,"trickle,_dribble",[],['/m/0kpv1t']
/t/dd00088,gush,[],['/m/0kpv1t']
/m/07p7b8y,fill_(with_liquid),[],['/m/0kpv1t']
/m/07qlf79,spray,[],['/m/0kpv1t']
/m/07ptzwd,pump_(liquid),[],['/m/0kpv1t']
/m/07ptfmf,stir,[],['/m/0kpv1t']
/m/0dv3j,boiling,[],['/m/0g293']
/t/dd00089,miscellaneous_sources,"['/m/0790c', '/m/04179zz', '/m/0dl83', '/t/dd00091']",['/m/0g293']
/m/0790c,sonar,[],['/m/0g293']
/m/04179zz,duck_call_(hunting_tool),[],['/m/0g293']
/m/0dl83,arrow,"['/m/07rqsjt', '/m/07qnq_y', '/m/07pk7mg']",['/m/0g293']
/m/07rqsjt,"whoosh,_swoosh,_swish",[],['/m/0g293']
/m/07qnq_y,"thump,_thud","['/m/07rrh0c', '/t/dd00108']",['/m/0kpv1t']
/m/07rrh0c,thunk,[],['/m/0kpv1t']
/t/dd00108,clunk,[],['/m/0kpv1t']
/m/07pk7mg,wobble,[],['/m/0kpv1t']
/t/dd00091,sound_equipment,"['/m/0hg7b', '/m/0b_fwt', '/m/01vfsf', '/m/02rr_']",['/m/0kpv1t']
/m/0hg7b,microphone,['/t/dd00092'],['/m/0kpv1t']
/m/0b_fwt,electronic_tuner,[],['/m/0y4f8']
/m/01vfsf,guitar_amplifier,[],['/m/0kpv1t']
/m/02rr_,effects_unit,['/m/07m2kt'],['/m/0kpv1t']
/m/07m2kt,chorus_effect,[],['/m/0164x2']
/t/dd00133,specific_impact_sounds,['/m/018w8'],['/m/0164x2']
/m/018w8,basketball_bounce,[],['/m/0kpv1t']
/t/dd00098,source-ambiguous_sounds,"['/t/dd00099', '/t/dd00109', '/t/dd00110', '/m/05n1m', '/m/028v0c', '/t/dd00122']",['/m/02mscn']
/t/dd00099,generic_impact_sounds,"['/m/07pws3f', '/m/07ryjzk', '/m/07rdhzs', '/m/07pjjrj', '/m/07pc8lb', '/m/07pqn27', '/m/07r4wb8', '/m/07qcpgn', '/m/07qnq_y', '/m/07rbp7_', '/m/07pyf11']",['/m/0kpv1t']
/m/07pws3f,bang,[],['/m/0kpv1t']
/m/07ryjzk,"slap,_smack",[],['/m/028sqc']
/m/07rdhzs,"whack,_thwack",[],['/m/028sqc']
/m/07pjjrj,"smash,_crash",[],['/m/0kpv1t']
/m/07pc8lb,breaking,[],['/m/0kpv1t']
/m/07pqn27,bouncing,[],['/m/0kpv1t']
/m/07rbp7_,whip,[],['/m/04rlf']
/m/07pyf11,flap,[],['/m/04rlf']
/t/dd00109,surface_contact,"['/m/07qb_dv', '/m/07qv4k0', '/m/07pdjhy', '/m/07s8j8t', '/m/07pt6mm']",['/m/04rlf']
/m/07qb_dv,scratch,[],['/m/04rlf']
/m/07qv4k0,scrape,[],['/m/04rlf']
/m/07pdjhy,rub,[],['/m/04rlf']
/m/07s8j8t,roll,[],['/m/04rlf']
/m/07pt6mm,grind,[],['/m/04rlf']
/t/dd00110,deformable_shell,"['/m/07plct2', '/t/dd00112', '/m/07qcx4z']",['/m/04rlf']
/m/07plct2,crushing,[],['/t/dd00027']
/t/dd00112,"crumpling,_crinkling",[],['/t/dd00027']
/m/07qcx4z,tearing,[],['/t/dd00027']
/m/05n1m,onomatopoeia,"['/t/dd000138', '/m/07rjwbb', '/m/07qh7jl', '/m/07qn4z3', '/m/07rqsjt', '/m/07qwyj0', '/m/07s34ls', '/m/07qmpdm', '/m/07p9k1k', '/m/07qc9xj', '/m/07phhsh', '/m/07r_r9m', '/m/07qyrcz', '/m/07qfgpx', '/t/dd00118', '/m/07q34h3', '/m/07rcgpl', '/m/07qlwh6', '/m/07p78v5', '/t/dd00121', '/m/07pzfmf', '/m/07s12q4', '/m/07qs1cx', '/m/07pc8l3']",['/t/dd00027']
/t/dd000138,brief_tone,"['/m/02fs_r', '/m/07qwdck', '/m/07phxs1', '/m/07rv4dm', '/m/07rpk1c', '/m/07pggtn', '/m/07pjwq1', '/m/07q6cd_', '/m/07s02z0', '/m/07q8k13']",['/m/022c7z']
/m/02fs_r,"beep,_bleep",[],['/t/dd00027']
/m/07qwdck,ping,[],['/t/dd00027']
/m/07phxs1,ding,[],['/t/dd00027']
/m/07rv4dm,clang,[],['/t/dd00027']
/m/07rpk1c,twang,[],['/t/dd00027']
/m/07s02z0,squeal,[],['/m/04rlf']
/m/07q8k13,screech,[],['/m/04rlf']
/m/07qh7jl,creak,[],['/m/04rlf']
/m/07qwyj0,rustle,[],['/m/04rlf']
/m/07s34ls,whir,[],['/m/04rlf']
/m/07qmpdm,clatter,[],['/m/04rlf']
/m/07p9k1k,sizzle,[],['/m/04rlf']
/m/07qc9xj,clicking,"['/m/07qjznt', '/m/07rv9rh', '/m/07rwm0c']",['/m/04rlf']
/m/07rwm0c,clickety-clack,[],['/m/04rlf']
/m/07phhsh,rumble,[],['/m/04rlf']
/m/07r_r9m,blare,[],['/t/dd00028']
/m/07qyrcz,plop,[],['/t/dd00028']
/m/07qfgpx,"jingle,_tinkle",[],['/t/dd00028']
/t/dd00118,fizz,[],['/t/dd00028']
/m/07q34h3,puff,[],['/t/dd00028']
/m/07rcgpl,hum,[],['/t/dd00028']
/m/07p78v5,zing,[],['/t/dd00028']
/t/dd00121,boing,[],['/t/dd00028']
/m/07s12q4,crunch,[],['/t/dd00028']
/m/028v0c,silence,[],['/t/dd00028']
/t/dd00122,other_sourceless,"['/m/01v_m0', '/m/0c1dj', '/m/07pt_g0', '/m/01fhw5', '/m/017gp', '/m/05szwhw']",['/m/04rlf']
/m/01v_m0,sine_wave,"['/m/0b9m1', '/m/0hdsk']",['/m/04rlf']
/m/0b9m1,harmonic,[],['/m/04rlf']
/m/0hdsk,chirp_tone,[],['/m/04rlf']
/m/0c1dj,sound_effect,[],['/m/04rlf']
/m/07pt_g0,pulse,[],['/m/04rlf']
/m/01fhw5,infrasound,[],['/m/04rlf']
/m/017gp,bass_(frequency_range),[],['/t/dd00030']
/m/05szwhw,ringing_(of_resonator),[],['/t/dd00030']
/t/dd00123,"channel,_environment_and_background","['/t/dd00093', '/m/096m7z', '/m/07bm98']",['/t/dd00030']
/t/dd00093,acoustic_environment,"['/t/dd00125', '/t/dd00126', '/t/dd00127', '/t/dd00128', '/t/dd00129', '/m/01b9nn', '/m/01jnbd']",['/t/dd00030']
/t/dd00125,"inside,_small_room",[],['/t/dd00030']
/t/dd00126,"inside,_large_room_or_hall",[],['/t/dd00030']
/t/dd00127,"inside,_public_space",[],['/t/dd00030']
/t/dd00128,"outside,_urban_or_manmade",[],
/t/dd00129,"outside,_rural_or_natural",[],
/m/01b9nn,reverberation,[],
/m/01jnbd,echo,[],
/m/096m7z,noise,"['/m/093_4n', '/m/07qfr4h', '/m/07szfh9', '/m/0chx_', '/m/0cj0r', '/m/07p_0gm', '/m/01jwx6']",['/m/059j3w']
/m/093_4n,background_noise,"['/m/06_y0by', '/m/09d1b1', '/m/07rgkc5', '/m/06xkwv', '/m/0g12c5', '/m/08p9q4']",['/m/059j3w']
/m/06_y0by,environmental_noise,[],['/m/059j3w']
/m/09d1b1,tape_hiss,[],['/m/03m9d0z']
/m/07rgkc5,static,[],['/m/03m9d0z']
/m/06xkwv,mains_hum,[],"['/m/03m9d0z', '/m/0hg7b']"
/m/0g12c5,distortion,[],['/m/059j3w']
/m/08p9q4,sidetone,[],['/m/0jb2l']
/m/07szfh9,cacophony,[],['/m/059j3w']
/m/0chx_,white_noise,[],['/m/059j3w']
/m/0cj0r,pink_noise,[],['/m/059j3w']
/m/07p_0gm,throbbing,[],['/m/059j3w']
/m/01jwx6,vibration,[],['/m/059j3w']
/m/07bm98,sound_reproduction,"['/m/07c52', '/m/06bz3', '/m/0cfpc', '/m/01b7fy', '/m/025l19', '/m/0174nj', '/m/01www', '/m/04zc0']",['/m/059j3w']
/m/07c52,television,[],['/m/0838f']
/m/06bz3,radio,[],['/m/0838f']
/m/0cfpc,loudspeaker,[],['/m/06mb1']
/m/01b7fy,headphones,[],['/m/06mb1']
/m/025l19,recording,['/m/07hvw1'],['/m/0838f']
/m/07hvw1,field_recording,[],['/m/0838f']
/m/0174nj,gramophone_record,[],['/m/0838f']
/m/01www,compact_disc,[],['/m/05kq4']
/m/04zc0,mp3,[],['/m/0838f']
