mid,child_mid,child_mid_2,child_mid_3,child_mid_4,child_mid_5,child_mid_6
/m/0dgw9r,/m/09l8g,/m/09x0r,/m/05zppz,,,
/m/0dgw9r,/m/09l8g,/m/09x0r,/m/02zsn,,,
/m/0dgw9r,/m/09l8g,/m/09x0r,/m/0ytgt,,,
/m/0dgw9r,/m/09l8g,/m/09x0r,/m/01h8n0,,,
/m/0dgw9r,/m/09l8g,/m/09x0r,/m/02qldy,,,
/m/0dgw9r,/m/09l8g,/m/09x0r,/m/0261r1,,,
/m/0dgw9r,/m/09l8g,/m/09x0r,/m/0brhx,,,
/m/0dgw9r,/m/09l8g,/m/07p6fty,/m/07q4ntr,,,
/m/0dgw9r,/m/09l8g,/m/07p6fty,/m/07rwj3x,,,
/m/0dgw9r,/m/09l8g,/m/07p6fty,/m/07sr1lc,,,
/m/0dgw9r,/m/09l8g,/m/07p6fty,/m/04gy_2,,,
/m/0dgw9r,/m/09l8g,/m/07p6fty,/t/dd00135,,,
/m/0dgw9r,/m/09l8g,/m/03qc9zr,,,,
/m/0dgw9r,/m/09l8g,/m/02rtxlg,,,,
/m/0dgw9r,/m/09l8g,/m/01j3sz,/t/dd00001,,,
/m/0dgw9r,/m/09l8g,/m/01j3sz,/m/07r660_,,,
/m/0dgw9r,/m/09l8g,/m/01j3sz,/m/07s04w4,,,
/m/0dgw9r,/m/09l8g,/m/01j3sz,/m/07sq110,,,
/m/0dgw9r,/m/09l8g,/m/01j3sz,/m/07rgt08,,,
/m/0dgw9r,/m/09l8g,/m/0463cq4,/t/dd00002,,,
/m/0dgw9r,/m/09l8g,/m/0463cq4,/m/07qz6j3,,,
/m/0dgw9r,/m/09l8g,/m/07qw_06,,,,
/m/0dgw9r,/m/09l8g,/m/07plz5l,,,,
/m/0dgw9r,/m/09l8g,/m/015lz1,/m/0l14jd,,,
/m/0dgw9r,/m/09l8g,/m/015lz1,/m/01swy6,,,
/m/0dgw9r,/m/09l8g,/m/015lz1,/m/02bk07,/m/01c194,,
/m/0dgw9r,/m/09l8g,/m/015lz1,/t/dd00003,,,
/m/0dgw9r,/m/09l8g,/m/015lz1,/t/dd00004,,,
/m/0dgw9r,/m/09l8g,/m/015lz1,/t/dd00005,,,
/m/0dgw9r,/m/09l8g,/m/015lz1,/t/dd00006,,,
/m/0dgw9r,/m/09l8g,/m/015lz1,/m/06bxc,,,
/m/0dgw9r,/m/09l8g,/m/02fxyj,,,,
/m/0dgw9r,/m/09l8g,/m/07s2xch,,,,
/m/0dgw9r,/m/09l8g,/m/07r4k75,,,,
/m/0dgw9r,/m/09l8g,/m/01j423,,,,
/m/0dgw9r,/m/01w250,/m/079vc8,,,,
/m/0dgw9r,/m/09hlz4,/m/0lyf6,/m/07mzm6,,,
/m/0dgw9r,/m/09hlz4,/m/0lyf6,/m/01d3sd,,,
/m/0dgw9r,/m/09hlz4,/m/0lyf6,/m/07s0dtb,,,
/m/0dgw9r,/m/09hlz4,/m/0lyf6,/m/07pyy8b,,,
/m/0dgw9r,/m/09hlz4,/m/0lyf6,/m/07q0yl5,,,
/m/0dgw9r,/m/09hlz4,/m/01b_21,/m/0dl9sf8,,,
/m/0dgw9r,/m/09hlz4,/m/01hsr_,,,,
/m/0dgw9r,/m/09hlz4,/m/07ppn3j,,,,
/m/0dgw9r,/m/0bpl036,/m/06h7j,,,,
/m/0dgw9r,/m/0bpl036,/m/07qv_x_,,,,
/m/0dgw9r,/m/0bpl036,/m/07pbtc8,,,,
/m/0dgw9r,/m/0160x5,/m/03cczk,,,,
/m/0dgw9r,/m/0160x5,/m/07pdhp0,,,,
/m/0dgw9r,/m/0160x5,/m/0939n_,,,,
/m/0dgw9r,/m/0160x5,/m/01g90h,,,,
/m/0dgw9r,/m/0160x5,/m/03q5_w,,,,
/m/0dgw9r,/m/0160x5,/m/02p3nc,,,,
/m/0dgw9r,/m/0160x5,/m/02_nn,,,,
/m/0dgw9r,/m/0k65p,/m/025_jnm,,,,
/m/0dgw9r,/m/0k65p,/m/0l15bq,,,,
/m/0dgw9r,/m/01jg02,/m/01jg1z,,,,
/m/0dgw9r,/m/04xp5v,/m/0pv6y,,,,
/m/0dgw9r,/t/dd00012,/m/0l15bq,,,,
/m/0dgw9r,/t/dd00012,/m/053hz1,,,,
/m/0dgw9r,/t/dd00012,/m/028ght,,,,
/m/0dgw9r,/t/dd00012,/m/07rkbfh,,,,
/m/0dgw9r,/t/dd00012,/m/03qtwd,,,,
/m/0dgw9r,/t/dd00012,/m/07qfr4h,,,,
/m/0dgw9r,/t/dd00012,/m/04v5dt,,,,
/m/0dgw9r,/t/dd00012,/t/dd00013,,,,
/m/0dgw9r,/t/dd00012,/t/dd00135,,,,
/m/09l8g,/m/09x0r,/m/05zppz,,,,
/m/09l8g,/m/09x0r,/m/02zsn,,,,
/m/09l8g,/m/09x0r,/m/0ytgt,,,,
/m/09l8g,/m/09x0r,/m/01h8n0,,,,
/m/09l8g,/m/09x0r,/m/02qldy,,,,
/m/09l8g,/m/09x0r,/m/0261r1,,,,
/m/09l8g,/m/09x0r,/m/0brhx,,,,
/m/09l8g,/m/07p6fty,/m/07q4ntr,,,,
/m/09l8g,/m/07p6fty,/m/07rwj3x,,,,
/m/09l8g,/m/07p6fty,/m/07sr1lc,,,,
/m/09l8g,/m/07p6fty,/m/04gy_2,,,,
/m/09l8g,/m/07p6fty,/t/dd00135,,,,
/m/09l8g,/m/03qc9zr,,,,,
/m/09l8g,/m/02rtxlg,,,,,
/m/09l8g,/m/01j3sz,/t/dd00001,,,,
/m/09l8g,/m/01j3sz,/m/07r660_,,,,
/m/09l8g,/m/01j3sz,/m/07s04w4,,,,
/m/09l8g,/m/01j3sz,/m/07sq110,,,,
/m/09l8g,/m/01j3sz,/m/07rgt08,,,,
/m/09l8g,/m/0463cq4,/t/dd00002,,,,
/m/09l8g,/m/0463cq4,/m/07qz6j3,,,,
/m/09l8g,/m/07qw_06,,,,,
/m/09l8g,/m/07plz5l,,,,,
/m/09l8g,/m/015lz1,/m/0l14jd,,,,
/m/09l8g,/m/015lz1,/m/01swy6,,,,
/m/09l8g,/m/015lz1,/m/02bk07,/m/01c194,,,
/m/09l8g,/m/015lz1,/t/dd00003,,,,
/m/09l8g,/m/015lz1,/t/dd00004,,,,
/m/09l8g,/m/015lz1,/t/dd00005,,,,
/m/09l8g,/m/015lz1,/t/dd00006,,,,
/m/09l8g,/m/015lz1,/m/06bxc,,,,
/m/09l8g,/m/02fxyj,,,,,
/m/09l8g,/m/07s2xch,,,,,
/m/09l8g,/m/07r4k75,,,,,
/m/09l8g,/m/01j423,,,,,
/m/09x0r,/m/05zppz,,,,,
/m/09x0r,/m/02zsn,,,,,
/m/09x0r,/m/0ytgt,,,,,
/m/09x0r,/m/01h8n0,,,,,
/m/09x0r,/m/02qldy,,,,,
/m/09x0r,/m/0261r1,,,,,
/m/09x0r,/m/0brhx,,,,,
/m/05zppz,,,,,,
/m/02zsn,,,,,,
/m/0ytgt,,,,,,
/m/01h8n0,,,,,,
/m/02qldy,,,,,,
/m/0261r1,,,,,,
/m/0brhx,,,,,,
/m/07p6fty,/m/07q4ntr,,,,,
/m/07p6fty,/m/07rwj3x,,,,,
/m/07p6fty,/m/07sr1lc,,,,,
/m/07p6fty,/m/04gy_2,,,,,
/m/07p6fty,/t/dd00135,,,,,
/m/07q4ntr,,,,,,
/m/07rwj3x,,,,,,
/m/07sr1lc,,,,,,
/m/04gy_2,,,,,,
/t/dd00135,,,,,,
/m/03qc9zr,,,,,,
/m/02rtxlg,,,,,,
/m/01j3sz,/t/dd00001,,,,,
/m/01j3sz,/m/07r660_,,,,,
/m/01j3sz,/m/07s04w4,,,,,
/m/01j3sz,/m/07sq110,,,,,
/m/01j3sz,/m/07rgt08,,,,,
/t/dd00001,,,,,,
/m/07r660_,,,,,,
/m/07s04w4,,,,,,
/m/07sq110,,,,,,
/m/07rgt08,,,,,,
/m/0463cq4,/t/dd00002,,,,,
/m/0463cq4,/m/07qz6j3,,,,,
/t/dd00002,,,,,,
/m/07qz6j3,,,,,,
/m/07qw_06,,,,,,
/m/07plz5l,,,,,,
/m/015lz1,/m/0l14jd,,,,,
/m/015lz1,/m/01swy6,,,,,
/m/015lz1,/m/02bk07,/m/01c194,,,,
/m/015lz1,/t/dd00003,,,,,
/m/015lz1,/t/dd00004,,,,,
/m/015lz1,/t/dd00005,,,,,
/m/015lz1,/t/dd00006,,,,,
/m/015lz1,/m/06bxc,,,,,
/m/0l14jd,,,,,,
/m/01swy6,,,,,,
/m/02bk07,/m/01c194,,,,,
/m/01c194,,,,,,
/t/dd00003,,,,,,
/t/dd00004,,,,,,
/t/dd00005,,,,,,
/t/dd00006,,,,,,
/m/06bxc,,,,,,
/m/02fxyj,,,,,,
/m/07s2xch,,,,,,
/m/07r4k75,,,,,,
/m/01j423,,,,,,
/m/01w250,/m/079vc8,,,,,
/m/079vc8,,,,,,
/m/09hlz4,/m/0lyf6,/m/07mzm6,,,,
/m/09hlz4,/m/0lyf6,/m/01d3sd,,,,
/m/09hlz4,/m/0lyf6,/m/07s0dtb,,,,
/m/09hlz4,/m/0lyf6,/m/07pyy8b,,,,
/m/09hlz4,/m/0lyf6,/m/07q0yl5,,,,
/m/09hlz4,/m/01b_21,/m/0dl9sf8,,,,
/m/09hlz4,/m/01hsr_,,,,,
/m/09hlz4,/m/07ppn3j,,,,,
/m/0lyf6,/m/07mzm6,,,,,
/m/0lyf6,/m/01d3sd,,,,,
/m/0lyf6,/m/07s0dtb,,,,,
/m/0lyf6,/m/07pyy8b,,,,,
/m/0lyf6,/m/07q0yl5,,,,,
/m/07mzm6,,,,,,
/m/01d3sd,,,,,,
/m/07s0dtb,,,,,,
/m/07pyy8b,,,,,,
/m/07q0yl5,,,,,,
/m/01b_21,/m/0dl9sf8,,,,,
/m/0dl9sf8,,,,,,
/m/01hsr_,,,,,,
/m/07ppn3j,,,,,,
/m/0bpl036,/m/06h7j,,,,,
/m/0bpl036,/m/07qv_x_,,,,,
/m/0bpl036,/m/07pbtc8,,,,,
/m/06h7j,,,,,,
/m/07qv_x_,,,,,,
/m/07pbtc8,,,,,,
/m/0160x5,/m/03cczk,,,,,
/m/0160x5,/m/07pdhp0,,,,,
/m/0160x5,/m/0939n_,,,,,
/m/0160x5,/m/01g90h,,,,,
/m/0160x5,/m/03q5_w,,,,,
/m/0160x5,/m/02p3nc,,,,,
/m/0160x5,/m/02_nn,,,,,
/m/03cczk,,,,,,
/m/07pdhp0,,,,,,
/m/0939n_,,,,,,
/m/01g90h,,,,,,
/m/03q5_w,,,,,,
/m/02p3nc,,,,,,
/m/02_nn,,,,,,
/m/0k65p,/m/025_jnm,,,,,
/m/0k65p,/m/0l15bq,,,,,
/m/025_jnm,,,,,,
/m/0l15bq,,,,,,
/m/01jg02,/m/01jg1z,,,,,
/m/01jg1z,,,,,,
/m/04xp5v,/m/0pv6y,,,,,
/m/0pv6y,,,,,,
/t/dd00012,/m/0l15bq,,,,,
/t/dd00012,/m/053hz1,,,,,
/t/dd00012,/m/028ght,,,,,
/t/dd00012,/m/07rkbfh,,,,,
/t/dd00012,/m/03qtwd,,,,,
/t/dd00012,/m/07qfr4h,,,,,
/t/dd00012,/m/04v5dt,,,,,
/t/dd00012,/t/dd00013,,,,,
/t/dd00012,/t/dd00135,,,,,
/m/053hz1,,,,,,
/m/028ght,,,,,,
/m/07rkbfh,,,,,,
/m/03qtwd,,,,,,
/m/07qfr4h,,,,,,
/m/04v5dt,,,,,,
/t/dd00013,,,,,,
/m/0jbk,/m/068hy,/m/0bt9lr,/m/05tny_,,,
/m/0jbk,/m/068hy,/m/0bt9lr,/m/07r_k2n,,,
/m/0jbk,/m/068hy,/m/0bt9lr,/m/07qf0zm,,,
/m/0jbk,/m/068hy,/m/0bt9lr,/m/07rc7d9,,,
/m/0jbk,/m/068hy,/m/0bt9lr,/m/0ghcn6,,,
/m/0jbk,/m/068hy,/m/0bt9lr,/t/dd00136,,,
/m/0jbk,/m/068hy,/m/0bt9lr,/m/07srf8z,,,
/m/0jbk,/m/068hy,/m/01yrx,/m/02yds9,,,
/m/0jbk,/m/068hy,/m/01yrx,/m/07qrkrw,,,
/m/0jbk,/m/068hy,/m/01yrx,/m/07rjwbb,,,
/m/0jbk,/m/068hy,/m/01yrx,/m/0f25s6,,,
/m/0jbk,/m/068hy,/m/01yrx,/m/07r81j2,,,
/m/0jbk,/m/068hy,/m/01yrx,/m/0ghcn6,,,
/m/0jbk,/m/0ch8v,/m/03k3r,/m/07rv9rh,,,
/m/0jbk,/m/0ch8v,/m/03k3r,/m/07q5rw0,,,
/m/0jbk,/m/0ch8v,/m/03k3r,/t/dd00139,,,
/m/0jbk,/m/0ch8v,/m/03k3r,/t/dd00140,,,
/m/0jbk,/m/0ch8v,/m/0ffhf,,,,
/m/0jbk,/m/0ch8v,/m/01xq0k1,/m/07rpkh9,,,
/m/0jbk,/m/0ch8v,/m/01xq0k1,/m/0239kh,,,
/m/0jbk,/m/0ch8v,/m/01xq0k1,/m/01hhp3,,,
/m/0jbk,/m/0ch8v,/m/068zj,/t/dd00018,,,
/m/0jbk,/m/0ch8v,/m/03fwl,/m/07q0h5t,,,
/m/0jbk,/m/0ch8v,/m/07bgp,/m/07q0h5t,,,
/m/0jbk,/m/0ch8v,/m/025rv6n,/m/09b5t,/m/07st89h,,
/m/0jbk,/m/0ch8v,/m/025rv6n,/m/09b5t,/m/07qn5dc,,
/m/0jbk,/m/0ch8v,/m/025rv6n,/m/01rd7k,/m/07svc2k,,
/m/0jbk,/m/0ch8v,/m/025rv6n,/m/09ddx,/m/07qdb04,,
/m/0jbk,/m/0ch8v,/m/025rv6n,/m/0dbvp,/m/07qwf61,,
/m/0jbk,/m/01280g,/m/0cdnk,/m/04cvmfc,,,
/m/0jbk,/m/01280g,/m/0cdnk,/m/0ghcn6,,,
/m/0jbk,/m/01280g,/m/015p6,/m/020bb7,/m/07pggtn,,
/m/0jbk,/m/01280g,/m/015p6,/m/020bb7,/m/07sx8x_,,
/m/0jbk,/m/01280g,/m/015p6,/m/0h0rv,/m/07r_25d,,
/m/0jbk,/m/01280g,/m/015p6,/m/04s8yn,/m/07r5c2p,,
/m/0jbk,/m/01280g,/m/015p6,/m/09d5_,/m/07r_80w,,
/m/0jbk,/m/01280g,/m/015p6,/m/01dwxx,,,
/m/0jbk,/m/01280g,/m/015p6,/m/05_wcq,,,
/m/0jbk,/m/01280g,/m/01z5f,/m/07qf0zm,,,
/m/0jbk,/m/01280g,/m/01z5f,/m/0ghcn6,,,
/m/0jbk,/m/01280g,/m/06hps,/m/04rmv,,,
/m/0jbk,/m/01280g,/m/06hps,/m/02021,,,
/m/0jbk,/m/01280g,/m/06hps,/m/07r4gkf,,,
/m/0jbk,/m/01280g,/m/03vt0,/m/09xqv,,,
/m/0jbk,/m/01280g,/m/03vt0,/m/09f96,,,
/m/0jbk,/m/01280g,/m/03vt0,/m/0h2mp,/m/07pjwq1,,
/m/0jbk,/m/01280g,/m/03vt0,/m/01h3n,/m/07pjwq1,,
/m/0jbk,/m/01280g,/m/09ld4,/m/07st88b,,,
/m/0jbk,/m/01280g,/m/078jl,/m/07rjwbb,,,
/m/0jbk,/m/01280g,/m/078jl,/m/07qn4z3,,,
/m/0jbk,/m/01280g,/m/032n05,,,,
/m/068hy,/m/0bt9lr,/m/05tny_,,,,
/m/068hy,/m/0bt9lr,/m/07r_k2n,,,,
/m/068hy,/m/0bt9lr,/m/07qf0zm,,,,
/m/068hy,/m/0bt9lr,/m/07rc7d9,,,,
/m/068hy,/m/0bt9lr,/m/0ghcn6,,,,
/m/068hy,/m/0bt9lr,/t/dd00136,,,,
/m/068hy,/m/0bt9lr,/m/07srf8z,,,,
/m/068hy,/m/01yrx,/m/02yds9,,,,
/m/068hy,/m/01yrx,/m/07qrkrw,,,,
/m/068hy,/m/01yrx,/m/07rjwbb,,,,
/m/068hy,/m/01yrx,/m/0f25s6,,,,
/m/068hy,/m/01yrx,/m/07r81j2,,,,
/m/068hy,/m/01yrx,/m/0ghcn6,,,,
/m/0bt9lr,/m/05tny_,,,,,
/m/0bt9lr,/m/07r_k2n,,,,,
/m/0bt9lr,/m/07qf0zm,,,,,
/m/0bt9lr,/m/07rc7d9,,,,,
/m/0bt9lr,/m/0ghcn6,,,,,
/m/0bt9lr,/t/dd00136,,,,,
/m/0bt9lr,/m/07srf8z,,,,,
/m/05tny_,,,,,,
/m/07r_k2n,,,,,,
/m/07qf0zm,,,,,,
/m/07rc7d9,,,,,,
/m/0ghcn6,,,,,,
/t/dd00136,,,,,,
/m/07srf8z,,,,,,
/m/01yrx,/m/02yds9,,,,,
/m/01yrx,/m/07qrkrw,,,,,
/m/01yrx,/m/07rjwbb,,,,,
/m/01yrx,/m/0f25s6,,,,,
/m/01yrx,/m/07r81j2,,,,,
/m/01yrx,/m/0ghcn6,,,,,
/m/02yds9,,,,,,
/m/07qrkrw,,,,,,
/m/07rjwbb,,,,,,
/m/0f25s6,,,,,,
/m/07r81j2,,,,,,
/m/0ch8v,/m/03k3r,/m/07rv9rh,,,,
/m/0ch8v,/m/03k3r,/m/07q5rw0,,,,
/m/0ch8v,/m/03k3r,/t/dd00139,,,,
/m/0ch8v,/m/03k3r,/t/dd00140,,,,
/m/0ch8v,/m/0ffhf,,,,,
/m/0ch8v,/m/01xq0k1,/m/07rpkh9,,,,
/m/0ch8v,/m/01xq0k1,/m/0239kh,,,,
/m/0ch8v,/m/01xq0k1,/m/01hhp3,,,,
/m/0ch8v,/m/068zj,/t/dd00018,,,,
/m/0ch8v,/m/03fwl,/m/07q0h5t,,,,
/m/0ch8v,/m/07bgp,/m/07q0h5t,,,,
/m/0ch8v,/m/025rv6n,/m/09b5t,/m/07st89h,,,
/m/0ch8v,/m/025rv6n,/m/09b5t,/m/07qn5dc,,,
/m/0ch8v,/m/025rv6n,/m/01rd7k,/m/07svc2k,,,
/m/0ch8v,/m/025rv6n,/m/09ddx,/m/07qdb04,,,
/m/0ch8v,/m/025rv6n,/m/0dbvp,/m/07qwf61,,,
/m/03k3r,/m/07rv9rh,,,,,
/m/03k3r,/m/07q5rw0,,,,,
/m/03k3r,/t/dd00139,,,,,
/m/03k3r,/t/dd00140,,,,,
/m/07rv9rh,,,,,,
/m/07q5rw0,,,,,,
/t/dd00139,,,,,,
/t/dd00140,,,,,,
/m/0ffhf,,,,,,
/m/01xq0k1,/m/07rpkh9,,,,,
/m/01xq0k1,/m/0239kh,,,,,
/m/01xq0k1,/m/01hhp3,,,,,
/m/07rpkh9,,,,,,
/m/0239kh,,,,,,
/m/01hhp3,,,,,,
/m/068zj,/t/dd00018,,,,,
/t/dd00018,,,,,,
/m/03fwl,/m/07q0h5t,,,,,
/m/07q0h5t,,,,,,
/m/07bgp,/m/07q0h5t,,,,,
/m/025rv6n,/m/09b5t,/m/07st89h,,,,
/m/025rv6n,/m/09b5t,/m/07qn5dc,,,,
/m/025rv6n,/m/01rd7k,/m/07svc2k,,,,
/m/025rv6n,/m/09ddx,/m/07qdb04,,,,
/m/025rv6n,/m/0dbvp,/m/07qwf61,,,,
/m/09b5t,/m/07st89h,,,,,
/m/09b5t,/m/07qn5dc,,,,,
/m/07st89h,,,,,,
/m/07qn5dc,,,,,,
/m/01rd7k,/m/07svc2k,,,,,
/m/07svc2k,,,,,,
/m/09ddx,/m/07qdb04,,,,,
/m/07qdb04,,,,,,
/m/0dbvp,/m/07qwf61,,,,,
/m/07qwf61,,,,,,
/m/01280g,/m/0cdnk,/m/04cvmfc,,,,
/m/01280g,/m/0cdnk,/m/0ghcn6,,,,
/m/01280g,/m/015p6,/m/020bb7,/m/07pggtn,,,
/m/01280g,/m/015p6,/m/020bb7,/m/07sx8x_,,,
/m/01280g,/m/015p6,/m/0h0rv,/m/07r_25d,,,
/m/01280g,/m/015p6,/m/04s8yn,/m/07r5c2p,,,
/m/01280g,/m/015p6,/m/09d5_,/m/07r_80w,,,
/m/01280g,/m/015p6,/m/01dwxx,,,,
/m/01280g,/m/015p6,/m/05_wcq,,,,
/m/01280g,/m/01z5f,/m/07qf0zm,,,,
/m/01280g,/m/01z5f,/m/0ghcn6,,,,
/m/01280g,/m/06hps,/m/04rmv,,,,
/m/01280g,/m/06hps,/m/02021,,,,
/m/01280g,/m/06hps,/m/07r4gkf,,,,
/m/01280g,/m/03vt0,/m/09xqv,,,,
/m/01280g,/m/03vt0,/m/09f96,,,,
/m/01280g,/m/03vt0,/m/0h2mp,/m/07pjwq1,,,
/m/01280g,/m/03vt0,/m/01h3n,/m/07pjwq1,,,
/m/01280g,/m/09ld4,/m/07st88b,,,,
/m/01280g,/m/078jl,/m/07rjwbb,,,,
/m/01280g,/m/078jl,/m/07qn4z3,,,,
/m/01280g,/m/032n05,,,,,
/m/0cdnk,/m/04cvmfc,,,,,
/m/0cdnk,/m/0ghcn6,,,,,
/m/04cvmfc,,,,,,
/m/015p6,/m/020bb7,/m/07pggtn,,,,
/m/015p6,/m/020bb7,/m/07sx8x_,,,,
/m/015p6,/m/0h0rv,/m/07r_25d,,,,
/m/015p6,/m/04s8yn,/m/07r5c2p,,,,
/m/015p6,/m/09d5_,/m/07r_80w,,,,
/m/015p6,/m/01dwxx,,,,,
/m/015p6,/m/05_wcq,,,,,
/m/020bb7,/m/07pggtn,,,,,
/m/020bb7,/m/07sx8x_,,,,,
/m/07pggtn,,,,,,
/m/07sx8x_,,,,,,
/m/0h0rv,/m/07r_25d,,,,,
/m/07r_25d,,,,,,
/m/04s8yn,/m/07r5c2p,,,,,
/m/07r5c2p,,,,,,
/m/09d5_,/m/07r_80w,,,,,
/m/07r_80w,,,,,,
/m/01dwxx,,,,,,
/m/05_wcq,,,,,,
/m/01z5f,/m/07qf0zm,,,,,
/m/01z5f,/m/0ghcn6,,,,,
/m/06hps,/m/04rmv,,,,,
/m/06hps,/m/02021,,,,,
/m/06hps,/m/07r4gkf,,,,,
/m/04rmv,,,,,,
/m/02021,,,,,,
/m/07r4gkf,,,,,,
/m/03vt0,/m/09xqv,,,,,
/m/03vt0,/m/09f96,,,,,
/m/03vt0,/m/0h2mp,/m/07pjwq1,,,,
/m/03vt0,/m/01h3n,/m/07pjwq1,,,,
/m/09xqv,,,,,,
/m/09f96,,,,,,
/m/0h2mp,/m/07pjwq1,,,,,
/m/07pjwq1,,,,,,
/m/01h3n,/m/07pjwq1,,,,,
/m/09ld4,/m/07st88b,,,,,
/m/07st88b,,,,,,
/m/078jl,/m/07rjwbb,,,,,
/m/078jl,/m/07qn4z3,,,,,
/m/07qn4z3,,,,,,
/m/032n05,,,,,,
/m/04rlf,/m/04szw,/m/0fx80y,/m/0342h,/m/02sgy,,
/m/04rlf,/m/04szw,/m/0fx80y,/m/0342h,/m/018vs,,
/m/04rlf,/m/04szw,/m/0fx80y,/m/0342h,/m/042v_gx,,
/m/04rlf,/m/04szw,/m/0fx80y,/m/0342h,/m/06w87,,
/m/04rlf,/m/04szw,/m/0fx80y,/m/0342h,/m/01glhc,,
/m/04rlf,/m/04szw,/m/0fx80y,/m/0342h,/m/07s0s5r,,
/m/04rlf,/m/04szw,/m/0fx80y,/m/018j2,,,
/m/04rlf,/m/04szw,/m/0fx80y,/m/0jtg0,,,
/m/04rlf,/m/04szw,/m/0fx80y,/m/04rzd,,,
/m/04rlf,/m/04szw,/m/0fx80y,/m/01bns_,,,
/m/04rlf,/m/04szw,/m/0fx80y,/m/07xzm,,,
/m/04rlf,/m/04szw,/m/05148p4,/m/05r5c,/m/01s0ps,/m/025cbm,
/m/04rlf,/m/04szw,/m/05148p4,/m/05r5c,/m/01s0ps,/m/0bxl5,
/m/04rlf,/m/04szw,/m/05148p4,/m/013y1f,/m/03xq_f,,
/m/04rlf,/m/04szw,/m/05148p4,/m/013y1f,/m/03gvt,,
/m/04rlf,/m/04szw,/m/05148p4,/m/0l14qv,/m/01v1d8,,
/m/04rlf,/m/04szw,/m/05148p4,/m/0l14qv,/m/0gkd1,,
/m/04rlf,/m/04szw,/m/05148p4,/m/03q5t,,,
/m/04rlf,/m/04szw,/m/0l14md,/m/02hnl,/m/0cfdd,,
/m/04rlf,/m/04szw,/m/0l14md,/m/026t6,/m/06rvn,/m/03t3fj,
/m/04rlf,/m/04szw,/m/0l14md,/m/026t6,/m/06rvn,/m/02k_mr,
/m/04rlf,/m/04szw,/m/0l14md,/m/026t6,/m/0bm02,,
/m/04rlf,/m/04szw,/m/0l14md,/m/026t6,/m/011k_j,,
/m/04rlf,/m/04szw,/m/0l14md,/m/026t6,/m/01p970,,
/m/04rlf,/m/04szw,/m/0l14md,/m/01qbl,/m/03qtq,,
/m/04rlf,/m/04szw,/m/0l14md,/m/01qbl,/m/0bm0k,,
/m/04rlf,/m/04szw,/m/0l14md,/m/0239kh,,,
/m/04rlf,/m/04szw,/m/0l14md,/m/01sm1g,,,
/m/04rlf,/m/04szw,/m/0l14md,/m/07brj,,,
/m/04rlf,/m/04szw,/m/0l14md,/m/05r5wn,/m/0xzly,,
/m/04rlf,/m/04szw,/m/0l14md,/m/0mbct,,,
/m/04rlf,/m/04szw,/m/0l14md,/m/016622,,,
/m/04rlf,/m/04szw,/m/0l14md,/m/0j45pbj,/m/0dwsp,,
/m/04rlf,/m/04szw,/m/0l14md,/m/0j45pbj,/m/0dwtp,,
/m/04rlf,/m/04szw,/m/0l14md,/m/0j45pbj,/m/0dwt5,,
/m/04rlf,/m/04szw,/m/0l14md,/m/0j45pbj,/m/0l156b,,
/m/04rlf,/m/04szw,/m/05pd6,,,,
/m/04rlf,/m/04szw,/m/01kcd,/m/0319l,,,
/m/04rlf,/m/04szw,/m/01kcd,/m/07gql,,,
/m/04rlf,/m/04szw,/m/01kcd,/m/07c6l,,,
/m/04rlf,/m/04szw,/m/01kcd,/m/020w2,,,
/m/04rlf,/m/04szw,/m/01kcd,/m/0y64j,,,
/m/04rlf,/m/04szw,/m/0l14_3,/m/02qmj0d,,,
/m/04rlf,/m/04szw,/m/0l14_3,/m/07y_7,/m/0d8_n,,
/m/04rlf,/m/04szw,/m/0l14_3,/m/01xqw,,,
/m/04rlf,/m/04szw,/m/0l14_3,/m/02fsn,,,
/m/04rlf,/m/04szw,/m/085jw,/m/0l14j_,,,
/m/04rlf,/m/04szw,/m/085jw,/m/06ncr,/m/02pprs,,
/m/04rlf,/m/04szw,/m/085jw,/m/06ncr,/m/03t22m,,
/m/04rlf,/m/04szw,/m/085jw,/m/01wy6,,,
/m/04rlf,/m/04szw,/m/085jw,/m/05kms,,,
/m/04rlf,/m/04szw,/m/085jw,/m/01c3q,,,
/m/04rlf,/m/04szw,/m/03m5k,,,,
/m/04rlf,/m/04szw,/m/0l14jd,,,,
/m/04rlf,/m/04szw,/m/0395lw,/m/03w41f,,,
/m/04rlf,/m/04szw,/m/0395lw,/m/0239kh,,,
/m/04rlf,/m/04szw,/m/0395lw,/m/027m70_,,,
/m/04rlf,/m/04szw,/m/0395lw,/m/0gy1t2s,,,
/m/04rlf,/m/04szw,/m/0395lw,/m/07n_g,,,
/m/04rlf,/m/04szw,/m/0395lw,/m/0f8s22,/m/026fgl,,
/m/04rlf,/m/04szw,/m/0395lw,/m/0150b9,,,
/m/04rlf,/m/04szw,/m/03qjg,,,,
/m/04rlf,/m/04szw,/m/0mkg,,,,
/m/04rlf,/m/04szw,/m/0192l,,,,
/m/04rlf,/m/04szw,/m/02bxd,,,,
/m/04rlf,/m/04szw,/m/0l14l2,,,,
/m/04rlf,/m/04szw,/m/07kc_,,,,
/m/04rlf,/m/04szw,/m/0l14t7,,,,
/m/04rlf,/m/04szw,/m/05229,,,,
/m/04rlf,/m/04szw,/m/01vj9c,,,,
/m/04rlf,/m/04szw,/m/01hgjl,,,,
/m/04rlf,/m/0kpv1t,/m/064t9,,,,
/m/04rlf,/m/0kpv1t,/m/0glt670,/m/04j_h4,,,
/m/04rlf,/m/0kpv1t,/m/0glt670,/m/0n8zsc8,,,
/m/04rlf,/m/0kpv1t,/m/0glt670,/m/02cz_7,,,
/m/04rlf,/m/0kpv1t,/m/06by7,/m/03lty,,,
/m/04rlf,/m/0kpv1t,/m/06by7,/m/05r6t,,,
/m/04rlf,/m/0kpv1t,/m/06by7,/m/0dls3,,,
/m/04rlf,/m/0kpv1t,/m/06by7,/m/0dl5d,,,
/m/04rlf,/m/0kpv1t,/m/06by7,/m/07sbbz2,,,
/m/04rlf,/m/0kpv1t,/m/06by7,/m/05w3f,,,
/m/04rlf,/m/0kpv1t,/m/06j6l,,,,
/m/04rlf,/m/0kpv1t,/m/0gywn,,,,
/m/04rlf,/m/0kpv1t,/m/06cqb,/m/0190y4,,,
/m/04rlf,/m/0kpv1t,/m/01lyv,/m/015y_n,,,
/m/04rlf,/m/0kpv1t,/m/01lyv,/m/0gg8l,,,
/m/04rlf,/m/0kpv1t,/m/02x8m,,,,
/m/04rlf,/m/0kpv1t,/m/02w4v,,,,
/m/04rlf,/m/0kpv1t,/m/06j64v,,,,
/m/04rlf,/m/0kpv1t,/m/03_d0,,,,
/m/04rlf,/m/0kpv1t,/m/026z9,,,,
/m/04rlf,/m/0kpv1t,/m/0ggq0m,/m/05lls,,,
/m/04rlf,/m/0kpv1t,/m/02lkt,/m/03mb9,,,
/m/04rlf,/m/0kpv1t,/m/02lkt,/m/07gxw,,,
/m/04rlf,/m/0kpv1t,/m/02lkt,/m/07s72n,,,
/m/04rlf,/m/0kpv1t,/m/02lkt,/m/029h7y,,,
/m/04rlf,/m/0kpv1t,/m/02lkt,/m/0283d,/m/01f9gb,,
/m/04rlf,/m/0kpv1t,/m/02lkt,/m/0m0jc,,,
/m/04rlf,/m/0kpv1t,/m/02lkt,/m/08cyft,,,
/m/04rlf,/m/0kpv1t,/m/02lkt,/m/0fd3y,/m/052smk,,
/m/04rlf,/m/0kpv1t,/m/02lkt,/m/07lnk,,,
/m/04rlf,/m/0kpv1t,/m/02lkt,/m/0m0fw,,,
/m/04rlf,/m/0kpv1t,/m/02lkt,/m/0bmfpc,,,
/m/04rlf,/m/0kpv1t,/m/0g293,/m/02ccj9,,,
/m/04rlf,/m/0kpv1t,/m/0g293,/m/0ln16,,,
/m/04rlf,/m/0kpv1t,/m/0g293,/m/0kpck,,,
/m/04rlf,/m/0kpv1t,/m/0g293,/m/080nby,,,
/m/04rlf,/m/0kpv1t,/m/0g293,/m/05q7ms,,,
/m/04rlf,/m/0kpv1t,/m/0g293,/m/0326g,,,
/m/04rlf,/m/0kpv1t,/m/0155w,,,,
/m/04rlf,/m/0kpv1t,/m/05fw6t,,,,
/m/04rlf,/m/0kpv1t,/m/02v2lh,,,,
/m/04rlf,/m/0kpv1t,/m/0y4f8,/m/0z9c,,,
/m/04rlf,/m/0kpv1t,/m/0y4f8,/m/02bk07,/m/01c194,,
/m/04rlf,/m/0kpv1t,/m/0y4f8,/m/02cz_7,,,
/m/04rlf,/m/0kpv1t,/m/0164x2,/m/0145m,,,
/m/04rlf,/m/0kpv1t,/m/0164x2,/m/022dgg,,,
/m/04rlf,/m/0kpv1t,/m/02mscn,/m/016cjb,,,
/m/04rlf,/m/0kpv1t,/m/028sqc,/m/015vgc,,,
/m/04rlf,/m/0kpv1t,/m/028sqc,/m/0dq0md,,,
/m/04rlf,/m/0kpv1t,/m/06rqw,,,,
/m/04rlf,/m/0kpv1t,/m/02p0sh1,,,,
/m/04rlf,/m/0kpv1t,/m/05rwpb,,,,
/m/04rlf,/t/dd00027,/m/074ft,,,,
/m/04rlf,/t/dd00027,/m/09dsr,,,,
/m/04rlf,/t/dd00027,/m/05jcn,,,,
/m/04rlf,/t/dd00027,/m/022c7z,/m/05xp3j,,,
/m/04rlf,/t/dd00027,/m/01gp74,,,,
/m/04rlf,/t/dd00027,/m/0b128,,,,
/m/04rlf,/t/dd00027,/m/021wwz,,,,
/m/04rlf,/t/dd00027,/m/0kc2j,,,,
/m/04rlf,/t/dd00027,/m/03w6d1,,,,
/m/04rlf,/t/dd00028,/m/025td0t,,,,
/m/04rlf,/t/dd00028,/m/02cjck,,,,
/m/04rlf,/t/dd00028,/m/03r5q_,,,,
/m/04rlf,/t/dd00028,/m/0l14gg,,,,
/m/04rlf,/t/dd00028,/m/07pkxdp,,,,
/m/04rlf,/t/dd00028,/m/01z7dr,,,,
/m/04rlf,/t/dd00028,/m/0140xf,,,,
/m/04rlf,/t/dd00028,/m/0ggx5q,,,,
/m/04rlf,/t/dd00028,/m/04wptg,,,,
/m/04rlf,/t/dd00028,/t/dd00029,,,,
/m/04rlf,/t/dd00030,/t/dd00031,,,,
/m/04rlf,/t/dd00030,/t/dd00032,,,,
/m/04rlf,/t/dd00030,/t/dd00033,,,,
/m/04rlf,/t/dd00030,/t/dd00034,,,,
/m/04rlf,/t/dd00030,/t/dd00035,,,,
/m/04rlf,/t/dd00030,/t/dd00036,,,,
/m/04rlf,/t/dd00030,/t/dd00037,,,,
/m/04szw,/m/0fx80y,/m/0342h,/m/02sgy,,,
/m/04szw,/m/0fx80y,/m/0342h,/m/018vs,,,
/m/04szw,/m/0fx80y,/m/0342h,/m/042v_gx,,,
/m/04szw,/m/0fx80y,/m/0342h,/m/06w87,,,
/m/04szw,/m/0fx80y,/m/0342h,/m/01glhc,,,
/m/04szw,/m/0fx80y,/m/0342h,/m/07s0s5r,,,
/m/04szw,/m/0fx80y,/m/018j2,,,,
/m/04szw,/m/0fx80y,/m/0jtg0,,,,
/m/04szw,/m/0fx80y,/m/04rzd,,,,
/m/04szw,/m/0fx80y,/m/01bns_,,,,
/m/04szw,/m/0fx80y,/m/07xzm,,,,
/m/04szw,/m/05148p4,/m/05r5c,/m/01s0ps,/m/025cbm,,
/m/04szw,/m/05148p4,/m/05r5c,/m/01s0ps,/m/0bxl5,,
/m/04szw,/m/05148p4,/m/013y1f,/m/03xq_f,,,
/m/04szw,/m/05148p4,/m/013y1f,/m/03gvt,,,
/m/04szw,/m/05148p4,/m/0l14qv,/m/01v1d8,,,
/m/04szw,/m/05148p4,/m/0l14qv,/m/0gkd1,,,
/m/04szw,/m/05148p4,/m/03q5t,,,,
/m/04szw,/m/0l14md,/m/02hnl,/m/0cfdd,,,
/m/04szw,/m/0l14md,/m/026t6,/m/06rvn,/m/03t3fj,,
/m/04szw,/m/0l14md,/m/026t6,/m/06rvn,/m/02k_mr,,
/m/04szw,/m/0l14md,/m/026t6,/m/0bm02,,,
/m/04szw,/m/0l14md,/m/026t6,/m/011k_j,,,
/m/04szw,/m/0l14md,/m/026t6,/m/01p970,,,
/m/04szw,/m/0l14md,/m/01qbl,/m/03qtq,,,
/m/04szw,/m/0l14md,/m/01qbl,/m/0bm0k,,,
/m/04szw,/m/0l14md,/m/0239kh,,,,
/m/04szw,/m/0l14md,/m/01sm1g,,,,
/m/04szw,/m/0l14md,/m/07brj,,,,
/m/04szw,/m/0l14md,/m/05r5wn,/m/0xzly,,,
/m/04szw,/m/0l14md,/m/0mbct,,,,
/m/04szw,/m/0l14md,/m/016622,,,,
/m/04szw,/m/0l14md,/m/0j45pbj,/m/0dwsp,,,
/m/04szw,/m/0l14md,/m/0j45pbj,/m/0dwtp,,,
/m/04szw,/m/0l14md,/m/0j45pbj,/m/0dwt5,,,
/m/04szw,/m/0l14md,/m/0j45pbj,/m/0l156b,,,
/m/04szw,/m/05pd6,,,,,
/m/04szw,/m/01kcd,/m/0319l,,,,
/m/04szw,/m/01kcd,/m/07gql,,,,
/m/04szw,/m/01kcd,/m/07c6l,,,,
/m/04szw,/m/01kcd,/m/020w2,,,,
/m/04szw,/m/01kcd,/m/0y64j,,,,
/m/04szw,/m/0l14_3,/m/02qmj0d,,,,
/m/04szw,/m/0l14_3,/m/07y_7,/m/0d8_n,,,
/m/04szw,/m/0l14_3,/m/01xqw,,,,
/m/04szw,/m/0l14_3,/m/02fsn,,,,
/m/04szw,/m/085jw,/m/0l14j_,,,,
/m/04szw,/m/085jw,/m/06ncr,/m/02pprs,,,
/m/04szw,/m/085jw,/m/06ncr,/m/03t22m,,,
/m/04szw,/m/085jw,/m/01wy6,,,,
/m/04szw,/m/085jw,/m/05kms,,,,
/m/04szw,/m/085jw,/m/01c3q,,,,
/m/04szw,/m/03m5k,,,,,
/m/04szw,/m/0l14jd,,,,,
/m/04szw,/m/0395lw,/m/03w41f,,,,
/m/04szw,/m/0395lw,/m/0239kh,,,,
/m/04szw,/m/0395lw,/m/027m70_,,,,
/m/04szw,/m/0395lw,/m/0gy1t2s,,,,
/m/04szw,/m/0395lw,/m/07n_g,,,,
/m/04szw,/m/0395lw,/m/0f8s22,/m/026fgl,,,
/m/04szw,/m/0395lw,/m/0150b9,,,,
/m/04szw,/m/03qjg,,,,,
/m/04szw,/m/0mkg,,,,,
/m/04szw,/m/0192l,,,,,
/m/04szw,/m/02bxd,,,,,
/m/04szw,/m/0l14l2,,,,,
/m/04szw,/m/07kc_,,,,,
/m/04szw,/m/0l14t7,,,,,
/m/04szw,/m/05229,,,,,
/m/04szw,/m/01vj9c,,,,,
/m/04szw,/m/01hgjl,,,,,
/m/0fx80y,/m/0342h,/m/02sgy,,,,
/m/0fx80y,/m/0342h,/m/018vs,,,,
/m/0fx80y,/m/0342h,/m/042v_gx,,,,
/m/0fx80y,/m/0342h,/m/06w87,,,,
/m/0fx80y,/m/0342h,/m/01glhc,,,,
/m/0fx80y,/m/0342h,/m/07s0s5r,,,,
/m/0fx80y,/m/018j2,,,,,
/m/0fx80y,/m/0jtg0,,,,,
/m/0fx80y,/m/04rzd,,,,,
/m/0fx80y,/m/01bns_,,,,,
/m/0fx80y,/m/07xzm,,,,,
/m/0342h,/m/02sgy,,,,,
/m/0342h,/m/018vs,,,,,
/m/0342h,/m/042v_gx,,,,,
/m/0342h,/m/06w87,,,,,
/m/0342h,/m/01glhc,,,,,
/m/0342h,/m/07s0s5r,,,,,
/m/02sgy,,,,,,
/m/018vs,,,,,,
/m/042v_gx,,,,,,
/m/06w87,,,,,,
/m/01glhc,,,,,,
/m/07s0s5r,,,,,,
/m/018j2,,,,,,
/m/0jtg0,,,,,,
/m/04rzd,,,,,,
/m/01bns_,,,,,,
/m/07xzm,,,,,,
/m/05148p4,/m/05r5c,/m/01s0ps,/m/025cbm,,,
/m/05148p4,/m/05r5c,/m/01s0ps,/m/0bxl5,,,
/m/05148p4,/m/013y1f,/m/03xq_f,,,,
/m/05148p4,/m/013y1f,/m/03gvt,,,,
/m/05148p4,/m/0l14qv,/m/01v1d8,,,,
/m/05148p4,/m/0l14qv,/m/0gkd1,,,,
/m/05148p4,/m/03q5t,,,,,
/m/05r5c,/m/01s0ps,/m/025cbm,,,,
/m/05r5c,/m/01s0ps,/m/0bxl5,,,,
/m/01s0ps,/m/025cbm,,,,,
/m/01s0ps,/m/0bxl5,,,,,
/m/025cbm,,,,,,
/m/0bxl5,,,,,,
/m/013y1f,/m/03xq_f,,,,,
/m/013y1f,/m/03gvt,,,,,
/m/03xq_f,,,,,,
/m/03gvt,,,,,,
/m/0l14qv,/m/01v1d8,,,,,
/m/0l14qv,/m/0gkd1,,,,,
/m/01v1d8,,,,,,
/m/0gkd1,,,,,,
/m/03q5t,,,,,,
/m/0l14md,/m/02hnl,/m/0cfdd,,,,
/m/0l14md,/m/026t6,/m/06rvn,/m/03t3fj,,,
/m/0l14md,/m/026t6,/m/06rvn,/m/02k_mr,,,
/m/0l14md,/m/026t6,/m/0bm02,,,,
/m/0l14md,/m/026t6,/m/011k_j,,,,
/m/0l14md,/m/026t6,/m/01p970,,,,
/m/0l14md,/m/01qbl,/m/03qtq,,,,
/m/0l14md,/m/01qbl,/m/0bm0k,,,,
/m/0l14md,/m/0239kh,,,,,
/m/0l14md,/m/01sm1g,,,,,
/m/0l14md,/m/07brj,,,,,
/m/0l14md,/m/05r5wn,/m/0xzly,,,,
/m/0l14md,/m/0mbct,,,,,
/m/0l14md,/m/016622,,,,,
/m/0l14md,/m/0j45pbj,/m/0dwsp,,,,
/m/0l14md,/m/0j45pbj,/m/0dwtp,,,,
/m/0l14md,/m/0j45pbj,/m/0dwt5,,,,
/m/0l14md,/m/0j45pbj,/m/0l156b,,,,
/m/02hnl,/m/0cfdd,,,,,
/m/0cfdd,,,,,,
/m/026t6,/m/06rvn,/m/03t3fj,,,,
/m/026t6,/m/06rvn,/m/02k_mr,,,,
/m/026t6,/m/0bm02,,,,,
/m/026t6,/m/011k_j,,,,,
/m/026t6,/m/01p970,,,,,
/m/06rvn,/m/03t3fj,,,,,
/m/06rvn,/m/02k_mr,,,,,
/m/03t3fj,,,,,,
/m/02k_mr,,,,,,
/m/0bm02,,,,,,
/m/011k_j,,,,,,
/m/01p970,,,,,,
/m/01qbl,/m/03qtq,,,,,
/m/01qbl,/m/0bm0k,,,,,
/m/03qtq,,,,,,
/m/0bm0k,,,,,,
/m/01sm1g,,,,,,
/m/07brj,,,,,,
/m/05r5wn,/m/0xzly,,,,,
/m/0xzly,,,,,,
/m/0mbct,,,,,,
/m/016622,,,,,,
/m/0j45pbj,/m/0dwsp,,,,,
/m/0j45pbj,/m/0dwtp,,,,,
/m/0j45pbj,/m/0dwt5,,,,,
/m/0j45pbj,/m/0l156b,,,,,
/m/0dwsp,,,,,,
/m/0dwtp,,,,,,
/m/0dwt5,,,,,,
/m/0l156b,,,,,,
/m/05pd6,,,,,,
/m/01kcd,/m/0319l,,,,,
/m/01kcd,/m/07gql,,,,,
/m/01kcd,/m/07c6l,,,,,
/m/01kcd,/m/020w2,,,,,
/m/01kcd,/m/0y64j,,,,,
/m/0319l,,,,,,
/m/07gql,,,,,,
/m/07c6l,,,,,,
/m/020w2,,,,,,
/m/0y64j,,,,,,
/m/0l14_3,/m/02qmj0d,,,,,
/m/0l14_3,/m/07y_7,/m/0d8_n,,,,
/m/0l14_3,/m/01xqw,,,,,
/m/0l14_3,/m/02fsn,,,,,
/m/02qmj0d,,,,,,
/m/07y_7,/m/0d8_n,,,,,
/m/0d8_n,,,,,,
/m/01xqw,,,,,,
/m/02fsn,,,,,,
/m/085jw,/m/0l14j_,,,,,
/m/085jw,/m/06ncr,/m/02pprs,,,,
/m/085jw,/m/06ncr,/m/03t22m,,,,
/m/085jw,/m/01wy6,,,,,
/m/085jw,/m/05kms,,,,,
/m/085jw,/m/01c3q,,,,,
/m/0l14j_,,,,,,
/m/06ncr,/m/02pprs,,,,,
/m/06ncr,/m/03t22m,,,,,
/m/02pprs,,,,,,
/m/03t22m,,,,,,
/m/01wy6,,,,,,
/m/05kms,,,,,,
/m/01c3q,,,,,,
/m/03m5k,,,,,,
/m/0395lw,/m/03w41f,,,,,
/m/0395lw,/m/0239kh,,,,,
/m/0395lw,/m/027m70_,,,,,
/m/0395lw,/m/0gy1t2s,,,,,
/m/0395lw,/m/07n_g,,,,,
/m/0395lw,/m/0f8s22,/m/026fgl,,,,
/m/0395lw,/m/0150b9,,,,,
/m/03w41f,,,,,,
/m/027m70_,,,,,,
/m/0gy1t2s,,,,,,
/m/07n_g,,,,,,
/m/0f8s22,/m/026fgl,,,,,
/m/026fgl,,,,,,
/m/0150b9,,,,,,
/m/03qjg,,,,,,
/m/0mkg,,,,,,
/m/0192l,,,,,,
/m/02bxd,,,,,,
/m/0l14l2,,,,,,
/m/07kc_,,,,,,
/m/0l14t7,,,,,,
/m/05229,,,,,,
/m/01vj9c,,,,,,
/m/01hgjl,,,,,,
/m/0kpv1t,/m/064t9,,,,,
/m/0kpv1t,/m/0glt670,/m/04j_h4,,,,
/m/0kpv1t,/m/0glt670,/m/0n8zsc8,,,,
/m/0kpv1t,/m/0glt670,/m/02cz_7,,,,
/m/0kpv1t,/m/06by7,/m/03lty,,,,
/m/0kpv1t,/m/06by7,/m/05r6t,,,,
/m/0kpv1t,/m/06by7,/m/0dls3,,,,
/m/0kpv1t,/m/06by7,/m/0dl5d,,,,
/m/0kpv1t,/m/06by7,/m/07sbbz2,,,,
/m/0kpv1t,/m/06by7,/m/05w3f,,,,
/m/0kpv1t,/m/06j6l,,,,,
/m/0kpv1t,/m/0gywn,,,,,
/m/0kpv1t,/m/06cqb,/m/0190y4,,,,
/m/0kpv1t,/m/01lyv,/m/015y_n,,,,
/m/0kpv1t,/m/01lyv,/m/0gg8l,,,,
/m/0kpv1t,/m/02x8m,,,,,
/m/0kpv1t,/m/02w4v,,,,,
/m/0kpv1t,/m/06j64v,,,,,
/m/0kpv1t,/m/03_d0,,,,,
/m/0kpv1t,/m/026z9,,,,,
/m/0kpv1t,/m/0ggq0m,/m/05lls,,,,
/m/0kpv1t,/m/02lkt,/m/03mb9,,,,
/m/0kpv1t,/m/02lkt,/m/07gxw,,,,
/m/0kpv1t,/m/02lkt,/m/07s72n,,,,
/m/0kpv1t,/m/02lkt,/m/029h7y,,,,
/m/0kpv1t,/m/02lkt,/m/0283d,/m/01f9gb,,,
/m/0kpv1t,/m/02lkt,/m/0m0jc,,,,
/m/0kpv1t,/m/02lkt,/m/08cyft,,,,
/m/0kpv1t,/m/02lkt,/m/0fd3y,/m/052smk,,,
/m/0kpv1t,/m/02lkt,/m/07lnk,,,,
/m/0kpv1t,/m/02lkt,/m/0m0fw,,,,
/m/0kpv1t,/m/02lkt,/m/0bmfpc,,,,
/m/0kpv1t,/m/0g293,/m/02ccj9,,,,
/m/0kpv1t,/m/0g293,/m/0ln16,,,,
/m/0kpv1t,/m/0g293,/m/0kpck,,,,
/m/0kpv1t,/m/0g293,/m/080nby,,,,
/m/0kpv1t,/m/0g293,/m/05q7ms,,,,
/m/0kpv1t,/m/0g293,/m/0326g,,,,
/m/0kpv1t,/m/0155w,,,,,
/m/0kpv1t,/m/05fw6t,,,,,
/m/0kpv1t,/m/02v2lh,,,,,
/m/0kpv1t,/m/0y4f8,/m/0z9c,,,,
/m/0kpv1t,/m/0y4f8,/m/02bk07,/m/01c194,,,
/m/0kpv1t,/m/0y4f8,/m/02cz_7,,,,
/m/0kpv1t,/m/0164x2,/m/0145m,,,,
/m/0kpv1t,/m/0164x2,/m/022dgg,,,,
/m/0kpv1t,/m/02mscn,/m/016cjb,,,,
/m/0kpv1t,/m/028sqc,/m/015vgc,,,,
/m/0kpv1t,/m/028sqc,/m/0dq0md,,,,
/m/0kpv1t,/m/06rqw,,,,,
/m/0kpv1t,/m/02p0sh1,,,,,
/m/0kpv1t,/m/05rwpb,,,,,
/m/064t9,,,,,,
/m/0glt670,/m/04j_h4,,,,,
/m/0glt670,/m/0n8zsc8,,,,,
/m/0glt670,/m/02cz_7,,,,,
/m/04j_h4,,,,,,
/m/0n8zsc8,,,,,,
/m/02cz_7,,,,,,
/m/06by7,/m/03lty,,,,,
/m/06by7,/m/05r6t,,,,,
/m/06by7,/m/0dls3,,,,,
/m/06by7,/m/0dl5d,,,,,
/m/06by7,/m/07sbbz2,,,,,
/m/06by7,/m/05w3f,,,,,
/m/03lty,,,,,,
/m/05r6t,,,,,,
/m/0dls3,,,,,,
/m/0dl5d,,,,,,
/m/07sbbz2,,,,,,
/m/05w3f,,,,,,
/m/06j6l,,,,,,
/m/0gywn,,,,,,
/m/06cqb,/m/0190y4,,,,,
/m/0190y4,,,,,,
/m/01lyv,/m/015y_n,,,,,
/m/01lyv,/m/0gg8l,,,,,
/m/015y_n,,,,,,
/m/0gg8l,,,,,,
/m/02x8m,,,,,,
/m/02w4v,,,,,,
/m/06j64v,,,,,,
/m/03_d0,,,,,,
/m/026z9,,,,,,
/m/0ggq0m,/m/05lls,,,,,
/m/05lls,,,,,,
/m/02lkt,/m/03mb9,,,,,
/m/02lkt,/m/07gxw,,,,,
/m/02lkt,/m/07s72n,,,,,
/m/02lkt,/m/029h7y,,,,,
/m/02lkt,/m/0283d,/m/01f9gb,,,,
/m/02lkt,/m/0m0jc,,,,,
/m/02lkt,/m/08cyft,,,,,
/m/02lkt,/m/0fd3y,/m/052smk,,,,
/m/02lkt,/m/07lnk,,,,,
/m/02lkt,/m/0m0fw,,,,,
/m/02lkt,/m/0bmfpc,,,,,
/m/03mb9,,,,,,
/m/07gxw,,,,,,
/m/07s72n,,,,,,
/m/029h7y,,,,,,
/m/0283d,/m/01f9gb,,,,,
/m/01f9gb,,,,,,
/m/0m0jc,,,,,,
/m/08cyft,,,,,,
/m/0fd3y,/m/052smk,,,,,
/m/052smk,,,,,,
/m/07lnk,,,,,,
/m/0m0fw,,,,,,
/m/0bmfpc,,,,,,
/m/0g293,/m/02ccj9,,,,,
/m/0g293,/m/0ln16,,,,,
/m/0g293,/m/0kpck,,,,,
/m/0g293,/m/080nby,,,,,
/m/0g293,/m/05q7ms,,,,,
/m/0g293,/m/0326g,,,,,
/m/02ccj9,,,,,,
/m/0ln16,,,,,,
/m/0kpck,,,,,,
/m/080nby,,,,,,
/m/05q7ms,,,,,,
/m/0326g,,,,,,
/m/0155w,,,,,,
/m/05fw6t,,,,,,
/m/02v2lh,,,,,,
/m/0y4f8,/m/0z9c,,,,,
/m/0y4f8,/m/02bk07,/m/01c194,,,,
/m/0y4f8,/m/02cz_7,,,,,
/m/0z9c,,,,,,
/m/0164x2,/m/0145m,,,,,
/m/0164x2,/m/022dgg,,,,,
/m/0145m,,,,,,
/m/022dgg,,,,,,
/m/02mscn,/m/016cjb,,,,,
/m/016cjb,,,,,,
/m/028sqc,/m/015vgc,,,,,
/m/028sqc,/m/0dq0md,,,,,
/m/015vgc,,,,,,
/m/0dq0md,,,,,,
/m/06rqw,,,,,,
/m/02p0sh1,,,,,,
/m/05rwpb,,,,,,
/t/dd00027,/m/074ft,,,,,
/t/dd00027,/m/09dsr,,,,,
/t/dd00027,/m/05jcn,,,,,
/t/dd00027,/m/022c7z,/m/05xp3j,,,,
/t/dd00027,/m/01gp74,,,,,
/t/dd00027,/m/0b128,,,,,
/t/dd00027,/m/021wwz,,,,,
/t/dd00027,/m/0kc2j,,,,,
/t/dd00027,/m/03w6d1,,,,,
/m/074ft,,,,,,
/m/09dsr,,,,,,
/m/05jcn,,,,,,
/m/022c7z,/m/05xp3j,,,,,
/m/05xp3j,,,,,,
/m/01gp74,,,,,,
/m/0b128,,,,,,
/m/021wwz,,,,,,
/m/0kc2j,,,,,,
/m/03w6d1,,,,,,
/t/dd00028,/m/025td0t,,,,,
/t/dd00028,/m/02cjck,,,,,
/t/dd00028,/m/03r5q_,,,,,
/t/dd00028,/m/0l14gg,,,,,
/t/dd00028,/m/07pkxdp,,,,,
/t/dd00028,/m/01z7dr,,,,,
/t/dd00028,/m/0140xf,,,,,
/t/dd00028,/m/0ggx5q,,,,,
/t/dd00028,/m/04wptg,,,,,
/t/dd00028,/t/dd00029,,,,,
/m/025td0t,,,,,,
/m/02cjck,,,,,,
/m/03r5q_,,,,,,
/m/0l14gg,,,,,,
/m/07pkxdp,,,,,,
/m/01z7dr,,,,,,
/m/0140xf,,,,,,
/m/0ggx5q,,,,,,
/m/04wptg,,,,,,
/t/dd00029,,,,,,
/t/dd00030,/t/dd00031,,,,,
/t/dd00030,/t/dd00032,,,,,
/t/dd00030,/t/dd00033,,,,,
/t/dd00030,/t/dd00034,,,,,
/t/dd00030,/t/dd00035,,,,,
/t/dd00030,/t/dd00036,,,,,
/t/dd00030,/t/dd00037,,,,,
/t/dd00031,,,,,,
/t/dd00032,,,,,,
/t/dd00033,,,,,,
/t/dd00034,,,,,,
/t/dd00035,,,,,,
/t/dd00036,,,,,,
/t/dd00037,,,,,,
/m/059j3w,/m/03m9d0z,/m/07q8f3b,,,,
/m/059j3w,/m/03m9d0z,/m/09t49,,,,
/m/059j3w,/m/03m9d0z,/t/dd00092,,,,
/m/059j3w,/m/0jb2l,/m/0ngt1,,,,
/m/059j3w,/m/0838f,/m/06mb1,/m/07r10fb,,,
/m/059j3w,/m/0838f,/m/06mb1,/t/dd00038,,,
/m/059j3w,/m/0838f,/m/0j6m2,,,,
/m/059j3w,/m/0838f,/m/0j2kx,,,,
/m/059j3w,/m/0838f,/m/05kq4,/m/034srq,,,
/m/059j3w,/m/0838f,/m/06wzb,/m/07rjwbb,,,
/m/059j3w,/m/0838f,/m/07swgks,,,,
/m/059j3w,/m/02_41,/m/07pzfmf,,,,
/m/059j3w,/m/02_41,/m/0fjy1,,,,
/m/03m9d0z,/m/07q8f3b,,,,,
/m/03m9d0z,/m/09t49,,,,,
/m/03m9d0z,/t/dd00092,,,,,
/m/07q8f3b,,,,,,
/m/09t49,,,,,,
/t/dd00092,,,,,,
/m/0jb2l,/m/0ngt1,,,,,
/m/0ngt1,,,,,,
/m/0838f,/m/06mb1,/m/07r10fb,,,,
/m/0838f,/m/06mb1,/t/dd00038,,,,
/m/0838f,/m/0j6m2,,,,,
/m/0838f,/m/0j2kx,,,,,
/m/0838f,/m/05kq4,/m/034srq,,,,
/m/0838f,/m/06wzb,/m/07rjwbb,,,,
/m/0838f,/m/07swgks,,,,,
/m/06mb1,/m/07r10fb,,,,,
/m/06mb1,/t/dd00038,,,,,
/m/07r10fb,,,,,,
/t/dd00038,,,,,,
/m/0j6m2,,,,,,
/m/0j2kx,,,,,,
/m/05kq4,/m/034srq,,,,,
/m/034srq,,,,,,
/m/06wzb,/m/07rjwbb,,,,,
/m/07swgks,,,,,,
/m/02_41,/m/07pzfmf,,,,,
/m/02_41,/m/0fjy1,,,,,
/m/07pzfmf,,,,,,
/m/0fjy1,,,,,,
/t/dd00041,/m/07yv9,/m/019jd,/m/0hsrw,,,
/t/dd00041,/m/07yv9,/m/019jd,/m/056ks2,,,
/t/dd00041,/m/07yv9,/m/019jd,/m/02rlv9,,,
/t/dd00041,/m/07yv9,/m/019jd,/m/06q74,,,
/t/dd00041,/m/07yv9,/m/012f08,/m/0k4j,/m/0912c9,/m/07qv_d5,
/t/dd00041,/m/07yv9,/m/012f08,/m/0k4j,/m/02mfyn,,
/t/dd00041,/m/07yv9,/m/012f08,/m/0k4j,/m/04gxbd,,
/t/dd00041,/m/07yv9,/m/012f08,/m/0k4j,/m/07rknqz,,
/t/dd00041,/m/07yv9,/m/012f08,/m/0k4j,/m/0h9mv,,
/t/dd00041,/m/07yv9,/m/012f08,/m/0k4j,/t/dd00134,,
/t/dd00041,/m/07yv9,/m/012f08,/m/0k4j,/m/0ltv,,
/t/dd00041,/m/07yv9,/m/012f08,/m/07r04,/m/0gvgw0,,
/t/dd00041,/m/07yv9,/m/012f08,/m/07r04,/m/05x_td,,
/t/dd00041,/m/07yv9,/m/012f08,/m/07r04,/m/02rhddq,,
/t/dd00041,/m/07yv9,/m/012f08,/m/07r04,/m/03cl9h,,
/t/dd00041,/m/07yv9,/m/012f08,/m/01bjv,,,
/t/dd00041,/m/07yv9,/m/012f08,/m/03j1ly,/m/04qvtq,,
/t/dd00041,/m/07yv9,/m/012f08,/m/03j1ly,/m/012n7d,,
/t/dd00041,/m/07yv9,/m/012f08,/m/03j1ly,/m/012ndj,,
/t/dd00041,/m/07yv9,/m/012f08,/m/04_sv,,,
/t/dd00041,/m/07yv9,/m/012f08,/m/0btp2,,,
/t/dd00041,/m/07yv9,/m/06d_3,/m/07jdr,/m/04zmvq,,
/t/dd00041,/m/07yv9,/m/06d_3,/m/07jdr,/m/0284vy3,,
/t/dd00041,/m/07yv9,/m/06d_3,/m/01g50p,,,
/t/dd00041,/m/07yv9,/m/06d_3,/t/dd00048,,,
/t/dd00041,/m/07yv9,/m/06d_3,/m/0195fx,,,
/t/dd00041,/m/07yv9,/m/0k5j,/m/014yck,/m/04229,,
/t/dd00041,/m/07yv9,/m/0k5j,/m/014yck,/m/02l6bg,,
/t/dd00041,/m/07yv9,/m/0k5j,/m/09ct_,,,
/t/dd00041,/m/07yv9,/m/0k5j,/m/0cmf2,,,
/t/dd00041,/m/07yv9,/t/dd00061,/m/0199g,/m/0gy1t2s,,
/t/dd00041,/m/07yv9,/t/dd00061,/m/06_fw,,,
/t/dd00041,/m/02mk9,/t/dd00065,/m/08j51y,,,
/t/dd00041,/m/02mk9,/t/dd00065,/m/01yg9g,,,
/t/dd00041,/m/02mk9,/t/dd00065,/m/01j4z9,,,
/t/dd00041,/m/02mk9,/t/dd00066,,,,
/t/dd00041,/m/02mk9,/t/dd00067,,,,
/t/dd00041,/m/02mk9,/m/04229,,,,
/t/dd00041,/m/02mk9,/m/01h82_,,,,
/t/dd00041,/m/02mk9,/t/dd00130,,,,
/t/dd00041,/m/02mk9,/m/07pb8fc,,,,
/t/dd00041,/m/02mk9,/m/07q2z82,,,,
/t/dd00041,/t/dd00071,/m/02dgv,/m/03wwcy,/m/07r67yg,,
/t/dd00041,/t/dd00071,/m/02dgv,/m/02y_763,,,
/t/dd00041,/t/dd00071,/m/02dgv,/m/07rjzl8,,,
/t/dd00041,/t/dd00071,/m/02dgv,/m/07r4wb8,,,
/t/dd00041,/t/dd00071,/m/02dgv,/m/07qcpgn,,,
/t/dd00041,/t/dd00071,/m/02dgv,/m/07q6cd_,,,
/t/dd00041,/t/dd00071,/m/0642b4,,,,
/t/dd00041,/t/dd00071,/m/0fqfqc,,,,
/t/dd00041,/t/dd00071,/m/04brg2,,,,
/t/dd00041,/t/dd00071,/m/023pjk,,,,
/t/dd00041,/t/dd00071,/m/07pn_8q,,,,
/t/dd00041,/t/dd00071,/m/0dxrf,,,,
/t/dd00041,/t/dd00071,/m/0fx9l,,,,
/t/dd00041,/t/dd00071,/m/02pjr4,,,,
/t/dd00041,/t/dd00071,/g/11b630rrvh,,,,
/t/dd00041,/t/dd00071,/m/02jz0l,,,,
/t/dd00041,/t/dd00071,/m/0130jx,,,,
/t/dd00041,/t/dd00071,/m/03dnzn,,,,
/t/dd00041,/t/dd00071,/m/03wvsk,,,,
/t/dd00041,/t/dd00071,/m/01jt3m,,,,
/t/dd00041,/t/dd00071,/m/012xff,/m/04fgwm,,,
/t/dd00041,/t/dd00071,/m/0d31p,,,,
/t/dd00041,/t/dd00071,/m/01s0vc,,,,
/t/dd00041,/t/dd00071,/m/0zmy2j9,,,,
/t/dd00041,/t/dd00071,/m/03v3yw,,,,
/t/dd00041,/t/dd00071,/m/0242l,,,,
/t/dd00041,/t/dd00071,/m/05mxj0q,,,,
/t/dd00041,/t/dd00071,/m/01lsmm,,,,
/t/dd00041,/t/dd00071,/m/02g901,,,,
/t/dd00041,/t/dd00071,/m/05rj2,,,,
/t/dd00041,/t/dd00071,/m/0316dw,/m/0c2wf,,,
/t/dd00041,/t/dd00071,/m/0316dw,/m/01m2v,,,
/t/dd00041,/t/dd00071,/m/081rb,,,,
/t/dd00041,/m/0395lw,/m/03w41f,,,,
/t/dd00041,/m/0395lw,/m/0239kh,,,,
/t/dd00041,/m/0395lw,/m/027m70_,,,,
/t/dd00041,/m/0395lw,/m/0gy1t2s,,,,
/t/dd00041,/m/0395lw,/m/07n_g,,,,
/t/dd00041,/m/0395lw,/m/0f8s22,/m/026fgl,,,
/t/dd00041,/m/0395lw,/m/0150b9,,,,
/t/dd00041,/m/07pp_mv,/m/07cx4,/m/07pp8cl,,,
/t/dd00041,/m/07pp_mv,/m/07cx4,/m/01hnzm,,,
/t/dd00041,/m/07pp_mv,/m/07cx4,/m/01sb50,,,
/t/dd00041,/m/07pp_mv,/m/07cx4,/m/02c8p,,,
/t/dd00041,/m/07pp_mv,/m/07cx4,/m/015jpf,,,
/t/dd00041,/m/07pp_mv,/m/07cx4,/m/01z47d,,,
/t/dd00041,/m/07pp_mv,/m/046dlr,,,,
/t/dd00041,/m/07pp_mv,/m/03kmc9,/m/04qvtq,,,
/t/dd00041,/m/07pp_mv,/m/03kmc9,/m/012n7d,,,
/t/dd00041,/m/07pp_mv,/m/03kmc9,/m/012ndj,,,
/t/dd00041,/m/07pp_mv,/m/03kmc9,/m/0dgbq,,,
/t/dd00041,/m/07pp_mv,/m/03wwcy,/m/07r67yg,,,
/t/dd00041,/m/07pp_mv,/m/030rvx,,,,
/t/dd00041,/m/07pp_mv,/m/01y3hg,,,,
/t/dd00041,/m/07pp_mv,/m/0c3f7m,,,,
/t/dd00041,/m/07pp_mv,/m/02mfyn,,,,
/t/dd00041,/m/07pp_mv,/m/0912c9,/m/07qv_d5,,,
/t/dd00041,/m/07pp_mv,/m/0gy1t2s,,,,
/t/dd00041,/m/07pp_mv,/m/05x_td,,,,
/t/dd00041,/m/07pp_mv,/m/04fq5q,,,,
/t/dd00041,/m/07pp_mv,/m/0l156k,/g/11b630rrvh,,,
/t/dd00041,/m/07pp_mv,/m/0l156k,/m/06hck5,,,
/t/dd00041,/t/dd00077,/m/02bm9n,,,,
/t/dd00041,/t/dd00077,/m/01x3z,/m/07qjznt,,,
/t/dd00041,/t/dd00077,/m/01x3z,/m/07qjznl,,,
/t/dd00041,/t/dd00077,/m/0l7xg,,,,
/t/dd00041,/t/dd00077,/m/05zc1,,,,
/t/dd00041,/t/dd00077,/m/0llzx,,,,
/t/dd00041,/t/dd00077,/m/02x984l,,,,
/t/dd00041,/t/dd00077,/m/025wky1,,,,
/t/dd00041,/t/dd00077,/m/024dl,,,,
/t/dd00041,/t/dd00077,/m/01m4t,,,,
/t/dd00041,/t/dd00077,/m/0dv5r,/m/07bjf,,,
/t/dd00041,/m/07k1x,/m/03l9g,,,,
/t/dd00041,/m/07k1x,/m/03p19w,,,,
/t/dd00041,/m/07k1x,/m/01b82r,,,,
/t/dd00041,/m/07k1x,/m/02p01q,,,,
/t/dd00041,/m/07k1x,/m/023vsd,,,,
/t/dd00041,/m/07k1x,/m/0_ksk,/m/01d380,/m/08j51y,,
/t/dd00041,/m/014zdl,/m/032s66,/m/04zjc,,,
/t/dd00041,/m/014zdl,/m/032s66,/m/02z32qm,,,
/t/dd00041,/m/014zdl,/m/032s66,/m/0_1c,,,
/t/dd00041,/m/014zdl,/m/032s66,/m/073cg4,,,
/t/dd00041,/m/014zdl,/m/0g6b5,/g/122z_qxw,,,
/t/dd00041,/m/014zdl,/m/07qsvvw,,,,
/t/dd00041,/m/014zdl,/m/07pxg6y,,,,
/t/dd00041,/m/014zdl,/m/07qqyl4,/m/0193bn,,,
/t/dd00041,/m/083vt,/m/07pczhz,,,,
/t/dd00041,/m/083vt,/m/07pl1bw,,,,
/t/dd00041,/m/083vt,/m/07qs1cx,,,,
/t/dd00041,/m/083vt,/m/07pc8l3,,,,
/t/dd00041,/m/039jq,/m/07q7njn,,,,
/t/dd00041,/m/039jq,/m/07rn7sz,,,,
/t/dd00041,/m/04k94,/m/07rrlb6,/m/07p6mqd,,,
/t/dd00041,/m/04k94,/m/07qlwh6,,,,
/t/dd00041,/m/04k94,/m/07r5v4s,,,,
/t/dd00041,/m/04k94,/m/07prgkl,/m/07pqc89,,,
/t/dd00041,/m/04k94,/m/07prgkl,/t/dd00088,,,
/t/dd00041,/m/04k94,/m/07p7b8y,,,,
/t/dd00041,/m/04k94,/m/07qlf79,,,,
/t/dd00041,/m/04k94,/m/07ptzwd,,,,
/t/dd00041,/m/04k94,/m/07ptfmf,,,,
/t/dd00041,/m/04k94,/m/0dv3j,,,,
/t/dd00041,/t/dd00089,/m/0790c,,,,
/t/dd00041,/t/dd00089,/m/04179zz,,,,
/t/dd00041,/t/dd00089,/m/0dl83,/m/07rqsjt,,,
/t/dd00041,/t/dd00089,/m/0dl83,/m/07qnq_y,/m/07rrh0c,,
/t/dd00041,/t/dd00089,/m/0dl83,/m/07qnq_y,/t/dd00108,,
/t/dd00041,/t/dd00089,/m/0dl83,/m/07pk7mg,,,
/t/dd00041,/t/dd00089,/t/dd00091,/m/0hg7b,/t/dd00092,,
/t/dd00041,/t/dd00089,/t/dd00091,/m/0b_fwt,,,
/t/dd00041,/t/dd00089,/t/dd00091,/m/01vfsf,,,
/t/dd00041,/t/dd00089,/t/dd00091,/m/02rr_,/m/07m2kt,,
/t/dd00041,/t/dd00133,/m/018w8,,,,
/m/07yv9,/m/019jd,/m/0hsrw,,,,
/m/07yv9,/m/019jd,/m/056ks2,,,,
/m/07yv9,/m/019jd,/m/02rlv9,,,,
/m/07yv9,/m/019jd,/m/06q74,,,,
/m/07yv9,/m/012f08,/m/0k4j,/m/0912c9,/m/07qv_d5,,
/m/07yv9,/m/012f08,/m/0k4j,/m/02mfyn,,,
/m/07yv9,/m/012f08,/m/0k4j,/m/04gxbd,,,
/m/07yv9,/m/012f08,/m/0k4j,/m/07rknqz,,,
/m/07yv9,/m/012f08,/m/0k4j,/m/0h9mv,,,
/m/07yv9,/m/012f08,/m/0k4j,/t/dd00134,,,
/m/07yv9,/m/012f08,/m/0k4j,/m/0ltv,,,
/m/07yv9,/m/012f08,/m/07r04,/m/0gvgw0,,,
/m/07yv9,/m/012f08,/m/07r04,/m/05x_td,,,
/m/07yv9,/m/012f08,/m/07r04,/m/02rhddq,,,
/m/07yv9,/m/012f08,/m/07r04,/m/03cl9h,,,
/m/07yv9,/m/012f08,/m/01bjv,,,,
/m/07yv9,/m/012f08,/m/03j1ly,/m/04qvtq,,,
/m/07yv9,/m/012f08,/m/03j1ly,/m/012n7d,,,
/m/07yv9,/m/012f08,/m/03j1ly,/m/012ndj,,,
/m/07yv9,/m/012f08,/m/04_sv,,,,
/m/07yv9,/m/012f08,/m/0btp2,,,,
/m/07yv9,/m/06d_3,/m/07jdr,/m/04zmvq,,,
/m/07yv9,/m/06d_3,/m/07jdr,/m/0284vy3,,,
/m/07yv9,/m/06d_3,/m/01g50p,,,,
/m/07yv9,/m/06d_3,/t/dd00048,,,,
/m/07yv9,/m/06d_3,/m/0195fx,,,,
/m/07yv9,/m/0k5j,/m/014yck,/m/04229,,,
/m/07yv9,/m/0k5j,/m/014yck,/m/02l6bg,,,
/m/07yv9,/m/0k5j,/m/09ct_,,,,
/m/07yv9,/m/0k5j,/m/0cmf2,,,,
/m/07yv9,/t/dd00061,/m/0199g,/m/0gy1t2s,,,
/m/07yv9,/t/dd00061,/m/06_fw,,,,
/m/019jd,/m/0hsrw,,,,,
/m/019jd,/m/056ks2,,,,,
/m/019jd,/m/02rlv9,,,,,
/m/019jd,/m/06q74,,,,,
/m/0hsrw,,,,,,
/m/056ks2,,,,,,
/m/02rlv9,,,,,,
/m/06q74,,,,,,
/m/012f08,/m/0k4j,/m/0912c9,/m/07qv_d5,,,
/m/012f08,/m/0k4j,/m/02mfyn,,,,
/m/012f08,/m/0k4j,/m/04gxbd,,,,
/m/012f08,/m/0k4j,/m/07rknqz,,,,
/m/012f08,/m/0k4j,/m/0h9mv,,,,
/m/012f08,/m/0k4j,/t/dd00134,,,,
/m/012f08,/m/0k4j,/m/0ltv,,,,
/m/012f08,/m/07r04,/m/0gvgw0,,,,
/m/012f08,/m/07r04,/m/05x_td,,,,
/m/012f08,/m/07r04,/m/02rhddq,,,,
/m/012f08,/m/07r04,/m/03cl9h,,,,
/m/012f08,/m/01bjv,,,,,
/m/012f08,/m/03j1ly,/m/04qvtq,,,,
/m/012f08,/m/03j1ly,/m/012n7d,,,,
/m/012f08,/m/03j1ly,/m/012ndj,,,,
/m/012f08,/m/04_sv,,,,,
/m/012f08,/m/0btp2,,,,,
/m/0k4j,/m/0912c9,/m/07qv_d5,,,,
/m/0k4j,/m/02mfyn,,,,,
/m/0k4j,/m/04gxbd,,,,,
/m/0k4j,/m/07rknqz,,,,,
/m/0k4j,/m/0h9mv,,,,,
/m/0k4j,/t/dd00134,,,,,
/m/0k4j,/m/0ltv,,,,,
/m/0912c9,/m/07qv_d5,,,,,
/m/07qv_d5,,,,,,
/m/02mfyn,,,,,,
/m/04gxbd,,,,,,
/m/07rknqz,,,,,,
/m/0h9mv,,,,,,
/t/dd00134,,,,,,
/m/0ltv,,,,,,
/m/07r04,/m/0gvgw0,,,,,
/m/07r04,/m/05x_td,,,,,
/m/07r04,/m/02rhddq,,,,,
/m/07r04,/m/03cl9h,,,,,
/m/0gvgw0,,,,,,
/m/05x_td,,,,,,
/m/02rhddq,,,,,,
/m/03cl9h,,,,,,
/m/01bjv,,,,,,
/m/03j1ly,/m/04qvtq,,,,,
/m/03j1ly,/m/012n7d,,,,,
/m/03j1ly,/m/012ndj,,,,,
/m/04qvtq,,,,,,
/m/012n7d,,,,,,
/m/012ndj,,,,,,
/m/04_sv,,,,,,
/m/0btp2,,,,,,
/m/06d_3,/m/07jdr,/m/04zmvq,,,,
/m/06d_3,/m/07jdr,/m/0284vy3,,,,
/m/06d_3,/m/01g50p,,,,,
/m/06d_3,/t/dd00048,,,,,
/m/06d_3,/m/0195fx,,,,,
/m/07jdr,/m/04zmvq,,,,,
/m/07jdr,/m/0284vy3,,,,,
/m/04zmvq,,,,,,
/m/0284vy3,,,,,,
/m/01g50p,,,,,,
/t/dd00048,,,,,,
/m/0195fx,,,,,,
/m/0k5j,/m/014yck,/m/04229,,,,
/m/0k5j,/m/014yck,/m/02l6bg,,,,
/m/0k5j,/m/09ct_,,,,,
/m/0k5j,/m/0cmf2,,,,,
/m/014yck,/m/04229,,,,,
/m/014yck,/m/02l6bg,,,,,
/m/04229,,,,,,
/m/02l6bg,,,,,,
/m/09ct_,,,,,,
/m/0cmf2,,,,,,
/t/dd00061,/m/0199g,/m/0gy1t2s,,,,
/t/dd00061,/m/06_fw,,,,,
/m/0199g,/m/0gy1t2s,,,,,
/m/06_fw,,,,,,
/m/02mk9,/t/dd00065,/m/08j51y,,,,
/m/02mk9,/t/dd00065,/m/01yg9g,,,,
/m/02mk9,/t/dd00065,/m/01j4z9,,,,
/m/02mk9,/t/dd00066,,,,,
/m/02mk9,/t/dd00067,,,,,
/m/02mk9,/m/04229,,,,,
/m/02mk9,/m/01h82_,,,,,
/m/02mk9,/t/dd00130,,,,,
/m/02mk9,/m/07pb8fc,,,,,
/m/02mk9,/m/07q2z82,,,,,
/t/dd00065,/m/08j51y,,,,,
/t/dd00065,/m/01yg9g,,,,,
/t/dd00065,/m/01j4z9,,,,,
/m/08j51y,,,,,,
/m/01yg9g,,,,,,
/m/01j4z9,,,,,,
/t/dd00066,,,,,,
/t/dd00067,,,,,,
/m/01h82_,,,,,,
/t/dd00130,,,,,,
/m/07pb8fc,,,,,,
/m/07q2z82,,,,,,
/t/dd00071,/m/02dgv,/m/03wwcy,/m/07r67yg,,,
/t/dd00071,/m/02dgv,/m/02y_763,,,,
/t/dd00071,/m/02dgv,/m/07rjzl8,,,,
/t/dd00071,/m/02dgv,/m/07r4wb8,,,,
/t/dd00071,/m/02dgv,/m/07qcpgn,,,,
/t/dd00071,/m/02dgv,/m/07q6cd_,,,,
/t/dd00071,/m/0642b4,,,,,
/t/dd00071,/m/0fqfqc,,,,,
/t/dd00071,/m/04brg2,,,,,
/t/dd00071,/m/023pjk,,,,,
/t/dd00071,/m/07pn_8q,,,,,
/t/dd00071,/m/0dxrf,,,,,
/t/dd00071,/m/0fx9l,,,,,
/t/dd00071,/m/02pjr4,,,,,
/t/dd00071,/g/11b630rrvh,,,,,
/t/dd00071,/m/02jz0l,,,,,
/t/dd00071,/m/0130jx,,,,,
/t/dd00071,/m/03dnzn,,,,,
/t/dd00071,/m/03wvsk,,,,,
/t/dd00071,/m/01jt3m,,,,,
/t/dd00071,/m/012xff,/m/04fgwm,,,,
/t/dd00071,/m/0d31p,,,,,
/t/dd00071,/m/01s0vc,,,,,
/t/dd00071,/m/0zmy2j9,,,,,
/t/dd00071,/m/03v3yw,,,,,
/t/dd00071,/m/0242l,,,,,
/t/dd00071,/m/05mxj0q,,,,,
/t/dd00071,/m/01lsmm,,,,,
/t/dd00071,/m/02g901,,,,,
/t/dd00071,/m/05rj2,,,,,
/t/dd00071,/m/0316dw,/m/0c2wf,,,,
/t/dd00071,/m/0316dw,/m/01m2v,,,,
/t/dd00071,/m/081rb,,,,,
/m/02dgv,/m/03wwcy,/m/07r67yg,,,,
/m/02dgv,/m/02y_763,,,,,
/m/02dgv,/m/07rjzl8,,,,,
/m/02dgv,/m/07r4wb8,,,,,
/m/02dgv,/m/07qcpgn,,,,,
/m/02dgv,/m/07q6cd_,,,,,
/m/03wwcy,/m/07r67yg,,,,,
/m/07r67yg,,,,,,
/m/02y_763,,,,,,
/m/07rjzl8,,,,,,
/m/07r4wb8,,,,,,
/m/07qcpgn,,,,,,
/m/07q6cd_,,,,,,
/m/0642b4,,,,,,
/m/0fqfqc,,,,,,
/m/04brg2,,,,,,
/m/023pjk,,,,,,
/m/07pn_8q,,,,,,
/m/0dxrf,,,,,,
/m/0fx9l,,,,,,
/m/02pjr4,,,,,,
/g/11b630rrvh,,,,,,
/m/02jz0l,,,,,,
/m/0130jx,,,,,,
/m/03dnzn,,,,,,
/m/03wvsk,,,,,,
/m/01jt3m,,,,,,
/m/012xff,/m/04fgwm,,,,,
/m/04fgwm,,,,,,
/m/0d31p,,,,,,
/m/01s0vc,,,,,,
/m/0zmy2j9,,,,,,
/m/03v3yw,,,,,,
/m/0242l,,,,,,
/m/05mxj0q,,,,,,
/m/01lsmm,,,,,,
/m/02g901,,,,,,
/m/05rj2,,,,,,
/m/0316dw,/m/0c2wf,,,,,
/m/0316dw,/m/01m2v,,,,,
/m/0c2wf,,,,,,
/m/01m2v,,,,,,
/m/081rb,,,,,,
/m/07pp_mv,/m/07cx4,/m/07pp8cl,,,,
/m/07pp_mv,/m/07cx4,/m/01hnzm,,,,
/m/07pp_mv,/m/07cx4,/m/01sb50,,,,
/m/07pp_mv,/m/07cx4,/m/02c8p,,,,
/m/07pp_mv,/m/07cx4,/m/015jpf,,,,
/m/07pp_mv,/m/07cx4,/m/01z47d,,,,
/m/07pp_mv,/m/046dlr,,,,,
/m/07pp_mv,/m/03kmc9,/m/04qvtq,,,,
/m/07pp_mv,/m/03kmc9,/m/012n7d,,,,
/m/07pp_mv,/m/03kmc9,/m/012ndj,,,,
/m/07pp_mv,/m/03kmc9,/m/0dgbq,,,,
/m/07pp_mv,/m/03wwcy,/m/07r67yg,,,,
/m/07pp_mv,/m/030rvx,,,,,
/m/07pp_mv,/m/01y3hg,,,,,
/m/07pp_mv,/m/0c3f7m,,,,,
/m/07pp_mv,/m/02mfyn,,,,,
/m/07pp_mv,/m/0912c9,/m/07qv_d5,,,,
/m/07pp_mv,/m/0gy1t2s,,,,,
/m/07pp_mv,/m/05x_td,,,,,
/m/07pp_mv,/m/04fq5q,,,,,
/m/07pp_mv,/m/0l156k,/g/11b630rrvh,,,,
/m/07pp_mv,/m/0l156k,/m/06hck5,,,,
/m/07cx4,/m/07pp8cl,,,,,
/m/07cx4,/m/01hnzm,,,,,
/m/07cx4,/m/01sb50,,,,,
/m/07cx4,/m/02c8p,,,,,
/m/07cx4,/m/015jpf,,,,,
/m/07cx4,/m/01z47d,,,,,
/m/07pp8cl,,,,,,
/m/01hnzm,,,,,,
/m/01sb50,,,,,,
/m/02c8p,,,,,,
/m/015jpf,,,,,,
/m/01z47d,,,,,,
/m/046dlr,,,,,,
/m/03kmc9,/m/04qvtq,,,,,
/m/03kmc9,/m/012n7d,,,,,
/m/03kmc9,/m/012ndj,,,,,
/m/03kmc9,/m/0dgbq,,,,,
/m/0dgbq,,,,,,
/m/030rvx,,,,,,
/m/01y3hg,,,,,,
/m/0c3f7m,,,,,,
/m/04fq5q,,,,,,
/m/0l156k,/g/11b630rrvh,,,,,
/m/0l156k,/m/06hck5,,,,,
/m/06hck5,,,,,,
/t/dd00077,/m/02bm9n,,,,,
/t/dd00077,/m/01x3z,/m/07qjznt,,,,
/t/dd00077,/m/01x3z,/m/07qjznl,,,,
/t/dd00077,/m/0l7xg,,,,,
/t/dd00077,/m/05zc1,,,,,
/t/dd00077,/m/0llzx,,,,,
/t/dd00077,/m/02x984l,,,,,
/t/dd00077,/m/025wky1,,,,,
/t/dd00077,/m/024dl,,,,,
/t/dd00077,/m/01m4t,,,,,
/t/dd00077,/m/0dv5r,/m/07bjf,,,,
/m/02bm9n,,,,,,
/m/01x3z,/m/07qjznt,,,,,
/m/01x3z,/m/07qjznl,,,,,
/m/07qjznt,,,,,,
/m/07qjznl,,,,,,
/m/0l7xg,,,,,,
/m/05zc1,,,,,,
/m/0llzx,,,,,,
/m/02x984l,,,,,,
/m/025wky1,,,,,,
/m/024dl,,,,,,
/m/01m4t,,,,,,
/m/0dv5r,/m/07bjf,,,,,
/m/07bjf,,,,,,
/m/07k1x,/m/03l9g,,,,,
/m/07k1x,/m/03p19w,,,,,
/m/07k1x,/m/01b82r,,,,,
/m/07k1x,/m/02p01q,,,,,
/m/07k1x,/m/023vsd,,,,,
/m/07k1x,/m/0_ksk,/m/01d380,/m/08j51y,,,
/m/03l9g,,,,,,
/m/03p19w,,,,,,
/m/01b82r,,,,,,
/m/02p01q,,,,,,
/m/023vsd,,,,,,
/m/0_ksk,/m/01d380,/m/08j51y,,,,
/m/01d380,/m/08j51y,,,,,
/m/014zdl,/m/032s66,/m/04zjc,,,,
/m/014zdl,/m/032s66,/m/02z32qm,,,,
/m/014zdl,/m/032s66,/m/0_1c,,,,
/m/014zdl,/m/032s66,/m/073cg4,,,,
/m/014zdl,/m/0g6b5,/g/122z_qxw,,,,
/m/014zdl,/m/07qsvvw,,,,,
/m/014zdl,/m/07pxg6y,,,,,
/m/014zdl,/m/07qqyl4,/m/0193bn,,,,
/m/032s66,/m/04zjc,,,,,
/m/032s66,/m/02z32qm,,,,,
/m/032s66,/m/0_1c,,,,,
/m/032s66,/m/073cg4,,,,,
/m/04zjc,,,,,,
/m/02z32qm,,,,,,
/m/0_1c,,,,,,
/m/073cg4,,,,,,
/m/0g6b5,/g/122z_qxw,,,,,
/g/122z_qxw,,,,,,
/m/07qsvvw,,,,,,
/m/07pxg6y,,,,,,
/m/07qqyl4,/m/0193bn,,,,,
/m/0193bn,,,,,,
/m/083vt,/m/07pczhz,,,,,
/m/083vt,/m/07pl1bw,,,,,
/m/083vt,/m/07qs1cx,,,,,
/m/083vt,/m/07pc8l3,,,,,
/m/07pczhz,,,,,,
/m/07pl1bw,,,,,,
/m/07qs1cx,,,,,,
/m/07pc8l3,,,,,,
/m/039jq,/m/07q7njn,,,,,
/m/039jq,/m/07rn7sz,,,,,
/m/07q7njn,,,,,,
/m/07rn7sz,,,,,,
/m/04k94,/m/07rrlb6,/m/07p6mqd,,,,
/m/04k94,/m/07qlwh6,,,,,
/m/04k94,/m/07r5v4s,,,,,
/m/04k94,/m/07prgkl,/m/07pqc89,,,,
/m/04k94,/m/07prgkl,/t/dd00088,,,,
/m/04k94,/m/07p7b8y,,,,,
/m/04k94,/m/07qlf79,,,,,
/m/04k94,/m/07ptzwd,,,,,
/m/04k94,/m/07ptfmf,,,,,
/m/04k94,/m/0dv3j,,,,,
/m/07rrlb6,/m/07p6mqd,,,,,
/m/07p6mqd,,,,,,
/m/07qlwh6,,,,,,
/m/07r5v4s,,,,,,
/m/07prgkl,/m/07pqc89,,,,,
/m/07prgkl,/t/dd00088,,,,,
/m/07pqc89,,,,,,
/t/dd00088,,,,,,
/m/07p7b8y,,,,,,
/m/07qlf79,,,,,,
/m/07ptzwd,,,,,,
/m/07ptfmf,,,,,,
/m/0dv3j,,,,,,
/t/dd00089,/m/0790c,,,,,
/t/dd00089,/m/04179zz,,,,,
/t/dd00089,/m/0dl83,/m/07rqsjt,,,,
/t/dd00089,/m/0dl83,/m/07qnq_y,/m/07rrh0c,,,
/t/dd00089,/m/0dl83,/m/07qnq_y,/t/dd00108,,,
/t/dd00089,/m/0dl83,/m/07pk7mg,,,,
/t/dd00089,/t/dd00091,/m/0hg7b,/t/dd00092,,,
/t/dd00089,/t/dd00091,/m/0b_fwt,,,,
/t/dd00089,/t/dd00091,/m/01vfsf,,,,
/t/dd00089,/t/dd00091,/m/02rr_,/m/07m2kt,,,
/m/0790c,,,,,,
/m/04179zz,,,,,,
/m/0dl83,/m/07rqsjt,,,,,
/m/0dl83,/m/07qnq_y,/m/07rrh0c,,,,
/m/0dl83,/m/07qnq_y,/t/dd00108,,,,
/m/0dl83,/m/07pk7mg,,,,,
/m/07rqsjt,,,,,,
/m/07qnq_y,/m/07rrh0c,,,,,
/m/07qnq_y,/t/dd00108,,,,,
/m/07rrh0c,,,,,,
/t/dd00108,,,,,,
/m/07pk7mg,,,,,,
/t/dd00091,/m/0hg7b,/t/dd00092,,,,
/t/dd00091,/m/0b_fwt,,,,,
/t/dd00091,/m/01vfsf,,,,,
/t/dd00091,/m/02rr_,/m/07m2kt,,,,
/m/0hg7b,/t/dd00092,,,,,
/m/0b_fwt,,,,,,
/m/01vfsf,,,,,,
/m/02rr_,/m/07m2kt,,,,,
/m/07m2kt,,,,,,
/t/dd00133,/m/018w8,,,,,
/m/018w8,,,,,,
/t/dd00098,/t/dd00099,/m/07pws3f,,,,
/t/dd00098,/t/dd00099,/m/07ryjzk,,,,
/t/dd00098,/t/dd00099,/m/07rdhzs,,,,
/t/dd00098,/t/dd00099,/m/07pjjrj,,,,
/t/dd00098,/t/dd00099,/m/07pc8lb,,,,
/t/dd00098,/t/dd00099,/m/07pqn27,,,,
/t/dd00098,/t/dd00099,/m/07r4wb8,,,,
/t/dd00098,/t/dd00099,/m/07qcpgn,,,,
/t/dd00098,/t/dd00099,/m/07qnq_y,/m/07rrh0c,,,
/t/dd00098,/t/dd00099,/m/07qnq_y,/t/dd00108,,,
/t/dd00098,/t/dd00099,/m/07rbp7_,,,,
/t/dd00098,/t/dd00099,/m/07pyf11,,,,
/t/dd00098,/t/dd00109,/m/07qb_dv,,,,
/t/dd00098,/t/dd00109,/m/07qv4k0,,,,
/t/dd00098,/t/dd00109,/m/07pdjhy,,,,
/t/dd00098,/t/dd00109,/m/07s8j8t,,,,
/t/dd00098,/t/dd00109,/m/07pt6mm,,,,
/t/dd00098,/t/dd00110,/m/07plct2,,,,
/t/dd00098,/t/dd00110,/t/dd00112,,,,
/t/dd00098,/t/dd00110,/m/07qcx4z,,,,
/t/dd00098,/m/05n1m,/t/dd000138,/m/02fs_r,,,
/t/dd00098,/m/05n1m,/t/dd000138,/m/07qwdck,,,
/t/dd00098,/m/05n1m,/t/dd000138,/m/07phxs1,,,
/t/dd00098,/m/05n1m,/t/dd000138,/m/07rv4dm,,,
/t/dd00098,/m/05n1m,/t/dd000138,/m/07rpk1c,,,
/t/dd00098,/m/05n1m,/t/dd000138,/m/07pggtn,,,
/t/dd00098,/m/05n1m,/t/dd000138,/m/07pjwq1,,,
/t/dd00098,/m/05n1m,/t/dd000138,/m/07q6cd_,,,
/t/dd00098,/m/05n1m,/t/dd000138,/m/07s02z0,,,
/t/dd00098,/m/05n1m,/t/dd000138,/m/07q8k13,,,
/t/dd00098,/m/05n1m,/m/07rjwbb,,,,
/t/dd00098,/m/05n1m,/m/07qh7jl,,,,
/t/dd00098,/m/05n1m,/m/07qn4z3,,,,
/t/dd00098,/m/05n1m,/m/07rqsjt,,,,
/t/dd00098,/m/05n1m,/m/07qwyj0,,,,
/t/dd00098,/m/05n1m,/m/07s34ls,,,,
/t/dd00098,/m/05n1m,/m/07qmpdm,,,,
/t/dd00098,/m/05n1m,/m/07p9k1k,,,,
/t/dd00098,/m/05n1m,/m/07qc9xj,/m/07qjznt,,,
/t/dd00098,/m/05n1m,/m/07qc9xj,/m/07rv9rh,,,
/t/dd00098,/m/05n1m,/m/07qc9xj,/m/07rwm0c,,,
/t/dd00098,/m/05n1m,/m/07phhsh,,,,
/t/dd00098,/m/05n1m,/m/07r_r9m,,,,
/t/dd00098,/m/05n1m,/m/07qyrcz,,,,
/t/dd00098,/m/05n1m,/m/07qfgpx,,,,
/t/dd00098,/m/05n1m,/t/dd00118,,,,
/t/dd00098,/m/05n1m,/m/07q34h3,,,,
/t/dd00098,/m/05n1m,/m/07rcgpl,,,,
/t/dd00098,/m/05n1m,/m/07qlwh6,,,,
/t/dd00098,/m/05n1m,/m/07p78v5,,,,
/t/dd00098,/m/05n1m,/t/dd00121,,,,
/t/dd00098,/m/05n1m,/m/07pzfmf,,,,
/t/dd00098,/m/05n1m,/m/07s12q4,,,,
/t/dd00098,/m/05n1m,/m/07qs1cx,,,,
/t/dd00098,/m/05n1m,/m/07pc8l3,,,,
/t/dd00098,/m/028v0c,,,,,
/t/dd00098,/t/dd00122,/m/01v_m0,/m/0b9m1,,,
/t/dd00098,/t/dd00122,/m/01v_m0,/m/0hdsk,,,
/t/dd00098,/t/dd00122,/m/0c1dj,,,,
/t/dd00098,/t/dd00122,/m/07pt_g0,,,,
/t/dd00098,/t/dd00122,/m/01fhw5,,,,
/t/dd00098,/t/dd00122,/m/017gp,,,,
/t/dd00098,/t/dd00122,/m/05szwhw,,,,
/t/dd00099,/m/07pws3f,,,,,
/t/dd00099,/m/07ryjzk,,,,,
/t/dd00099,/m/07rdhzs,,,,,
/t/dd00099,/m/07pjjrj,,,,,
/t/dd00099,/m/07pc8lb,,,,,
/t/dd00099,/m/07pqn27,,,,,
/t/dd00099,/m/07r4wb8,,,,,
/t/dd00099,/m/07qcpgn,,,,,
/t/dd00099,/m/07qnq_y,/m/07rrh0c,,,,
/t/dd00099,/m/07qnq_y,/t/dd00108,,,,
/t/dd00099,/m/07rbp7_,,,,,
/t/dd00099,/m/07pyf11,,,,,
/m/07pws3f,,,,,,
/m/07ryjzk,,,,,,
/m/07rdhzs,,,,,,
/m/07pjjrj,,,,,,
/m/07pc8lb,,,,,,
/m/07pqn27,,,,,,
/m/07rbp7_,,,,,,
/m/07pyf11,,,,,,
/t/dd00109,/m/07qb_dv,,,,,
/t/dd00109,/m/07qv4k0,,,,,
/t/dd00109,/m/07pdjhy,,,,,
/t/dd00109,/m/07s8j8t,,,,,
/t/dd00109,/m/07pt6mm,,,,,
/m/07qb_dv,,,,,,
/m/07qv4k0,,,,,,
/m/07pdjhy,,,,,,
/m/07s8j8t,,,,,,
/m/07pt6mm,,,,,,
/t/dd00110,/m/07plct2,,,,,
/t/dd00110,/t/dd00112,,,,,
/t/dd00110,/m/07qcx4z,,,,,
/m/07plct2,,,,,,
/t/dd00112,,,,,,
/m/07qcx4z,,,,,,
/m/05n1m,/t/dd000138,/m/02fs_r,,,,
/m/05n1m,/t/dd000138,/m/07qwdck,,,,
/m/05n1m,/t/dd000138,/m/07phxs1,,,,
/m/05n1m,/t/dd000138,/m/07rv4dm,,,,
/m/05n1m,/t/dd000138,/m/07rpk1c,,,,
/m/05n1m,/t/dd000138,/m/07pggtn,,,,
/m/05n1m,/t/dd000138,/m/07pjwq1,,,,
/m/05n1m,/t/dd000138,/m/07q6cd_,,,,
/m/05n1m,/t/dd000138,/m/07s02z0,,,,
/m/05n1m,/t/dd000138,/m/07q8k13,,,,
/m/05n1m,/m/07rjwbb,,,,,
/m/05n1m,/m/07qh7jl,,,,,
/m/05n1m,/m/07qn4z3,,,,,
/m/05n1m,/m/07rqsjt,,,,,
/m/05n1m,/m/07qwyj0,,,,,
/m/05n1m,/m/07s34ls,,,,,
/m/05n1m,/m/07qmpdm,,,,,
/m/05n1m,/m/07p9k1k,,,,,
/m/05n1m,/m/07qc9xj,/m/07qjznt,,,,
/m/05n1m,/m/07qc9xj,/m/07rv9rh,,,,
/m/05n1m,/m/07qc9xj,/m/07rwm0c,,,,
/m/05n1m,/m/07phhsh,,,,,
/m/05n1m,/m/07r_r9m,,,,,
/m/05n1m,/m/07qyrcz,,,,,
/m/05n1m,/m/07qfgpx,,,,,
/m/05n1m,/t/dd00118,,,,,
/m/05n1m,/m/07q34h3,,,,,
/m/05n1m,/m/07rcgpl,,,,,
/m/05n1m,/m/07qlwh6,,,,,
/m/05n1m,/m/07p78v5,,,,,
/m/05n1m,/t/dd00121,,,,,
/m/05n1m,/m/07pzfmf,,,,,
/m/05n1m,/m/07s12q4,,,,,
/m/05n1m,/m/07qs1cx,,,,,
/m/05n1m,/m/07pc8l3,,,,,
/t/dd000138,/m/02fs_r,,,,,
/t/dd000138,/m/07qwdck,,,,,
/t/dd000138,/m/07phxs1,,,,,
/t/dd000138,/m/07rv4dm,,,,,
/t/dd000138,/m/07rpk1c,,,,,
/t/dd000138,/m/07pggtn,,,,,
/t/dd000138,/m/07pjwq1,,,,,
/t/dd000138,/m/07q6cd_,,,,,
/t/dd000138,/m/07s02z0,,,,,
/t/dd000138,/m/07q8k13,,,,,
/m/02fs_r,,,,,,
/m/07qwdck,,,,,,
/m/07phxs1,,,,,,
/m/07rv4dm,,,,,,
/m/07rpk1c,,,,,,
/m/07s02z0,,,,,,
/m/07q8k13,,,,,,
/m/07qh7jl,,,,,,
/m/07qwyj0,,,,,,
/m/07s34ls,,,,,,
/m/07qmpdm,,,,,,
/m/07p9k1k,,,,,,
/m/07qc9xj,/m/07qjznt,,,,,
/m/07qc9xj,/m/07rv9rh,,,,,
/m/07qc9xj,/m/07rwm0c,,,,,
/m/07rwm0c,,,,,,
/m/07phhsh,,,,,,
/m/07r_r9m,,,,,,
/m/07qyrcz,,,,,,
/m/07qfgpx,,,,,,
/t/dd00118,,,,,,
/m/07q34h3,,,,,,
/m/07rcgpl,,,,,,
/m/07p78v5,,,,,,
/t/dd00121,,,,,,
/m/07s12q4,,,,,,
/m/028v0c,,,,,,
/t/dd00122,/m/01v_m0,/m/0b9m1,,,,
/t/dd00122,/m/01v_m0,/m/0hdsk,,,,
/t/dd00122,/m/0c1dj,,,,,
/t/dd00122,/m/07pt_g0,,,,,
/t/dd00122,/m/01fhw5,,,,,
/t/dd00122,/m/017gp,,,,,
/t/dd00122,/m/05szwhw,,,,,
/m/01v_m0,/m/0b9m1,,,,,
/m/01v_m0,/m/0hdsk,,,,,
/m/0b9m1,,,,,,
/m/0hdsk,,,,,,
/m/0c1dj,,,,,,
/m/07pt_g0,,,,,,
/m/01fhw5,,,,,,
/m/017gp,,,,,,
/m/05szwhw,,,,,,
/t/dd00123,/t/dd00093,/t/dd00125,,,,
/t/dd00123,/t/dd00093,/t/dd00126,,,,
/t/dd00123,/t/dd00093,/t/dd00127,,,,
/t/dd00123,/t/dd00093,/t/dd00128,,,,
/t/dd00123,/t/dd00093,/t/dd00129,,,,
/t/dd00123,/t/dd00093,/m/01b9nn,,,,
/t/dd00123,/t/dd00093,/m/01jnbd,,,,
/t/dd00123,/m/096m7z,/m/093_4n,/m/06_y0by,,,
/t/dd00123,/m/096m7z,/m/093_4n,/m/09d1b1,,,
/t/dd00123,/m/096m7z,/m/093_4n,/m/07rgkc5,,,
/t/dd00123,/m/096m7z,/m/093_4n,/m/06xkwv,,,
/t/dd00123,/m/096m7z,/m/093_4n,/m/0g12c5,,,
/t/dd00123,/m/096m7z,/m/093_4n,/m/08p9q4,,,
/t/dd00123,/m/096m7z,/m/07qfr4h,,,,
/t/dd00123,/m/096m7z,/m/07szfh9,,,,
/t/dd00123,/m/096m7z,/m/0chx_,,,,
/t/dd00123,/m/096m7z,/m/0cj0r,,,,
/t/dd00123,/m/096m7z,/m/07p_0gm,,,,
/t/dd00123,/m/096m7z,/m/01jwx6,,,,
/t/dd00123,/m/07bm98,/m/07c52,,,,
/t/dd00123,/m/07bm98,/m/06bz3,,,,
/t/dd00123,/m/07bm98,/m/0cfpc,,,,
/t/dd00123,/m/07bm98,/m/01b7fy,,,,
/t/dd00123,/m/07bm98,/m/025l19,/m/07hvw1,,,
/t/dd00123,/m/07bm98,/m/0174nj,,,,
/t/dd00123,/m/07bm98,/m/01www,,,,
/t/dd00123,/m/07bm98,/m/04zc0,,,,
/t/dd00093,/t/dd00125,,,,,
/t/dd00093,/t/dd00126,,,,,
/t/dd00093,/t/dd00127,,,,,
/t/dd00093,/t/dd00128,,,,,
/t/dd00093,/t/dd00129,,,,,
/t/dd00093,/m/01b9nn,,,,,
/t/dd00093,/m/01jnbd,,,,,
/t/dd00125,,,,,,
/t/dd00126,,,,,,
/t/dd00127,,,,,,
/t/dd00128,,,,,,
/t/dd00129,,,,,,
/m/01b9nn,,,,,,
/m/01jnbd,,,,,,
/m/096m7z,/m/093_4n,/m/06_y0by,,,,
/m/096m7z,/m/093_4n,/m/09d1b1,,,,
/m/096m7z,/m/093_4n,/m/07rgkc5,,,,
/m/096m7z,/m/093_4n,/m/06xkwv,,,,
/m/096m7z,/m/093_4n,/m/0g12c5,,,,
/m/096m7z,/m/093_4n,/m/08p9q4,,,,
/m/096m7z,/m/07qfr4h,,,,,
/m/096m7z,/m/07szfh9,,,,,
/m/096m7z,/m/0chx_,,,,,
/m/096m7z,/m/0cj0r,,,,,
/m/096m7z,/m/07p_0gm,,,,,
/m/096m7z,/m/01jwx6,,,,,
/m/093_4n,/m/06_y0by,,,,,
/m/093_4n,/m/09d1b1,,,,,
/m/093_4n,/m/07rgkc5,,,,,
/m/093_4n,/m/06xkwv,,,,,
/m/093_4n,/m/0g12c5,,,,,
/m/093_4n,/m/08p9q4,,,,,
/m/06_y0by,,,,,,
/m/09d1b1,,,,,,
/m/07rgkc5,,,,,,
/m/06xkwv,,,,,,
/m/0g12c5,,,,,,
/m/08p9q4,,,,,,
/m/07szfh9,,,,,,
/m/0chx_,,,,,,
/m/0cj0r,,,,,,
/m/07p_0gm,,,,,,
/m/01jwx6,,,,,,
/m/07bm98,/m/07c52,,,,,
/m/07bm98,/m/06bz3,,,,,
/m/07bm98,/m/0cfpc,,,,,
/m/07bm98,/m/01b7fy,,,,,
/m/07bm98,/m/025l19,/m/07hvw1,,,,
/m/07bm98,/m/0174nj,,,,,
/m/07bm98,/m/01www,,,,,
/m/07bm98,/m/04zc0,,,,,
/m/07c52,,,,,,
/m/06bz3,,,,,,
/m/0cfpc,,,,,,
/m/01b7fy,,,,,,
/m/025l19,/m/07hvw1,,,,,
/m/07hvw1,,,,,,
/m/0174nj,,,,,,
/m/01www,,,,,,
/m/04zc0,,,,,,
